timestamp,temperature,battery_voltage,power_consumption,radiation_level,signal_strength,fuel_level,solar_output,anomaly_score,anomaly_flag,label,risk_score,risk_level,top_factors
2026-01-01 00:00:00,15.37,28.78,117.06,0.7288,-65.9,100.0,88.32,-0.000408,-1,Anomaly,0,LOW,None
2026-01-01 00:05:00,13.97,28.73,115.76,0.7087,-65.29,99.96,87.8,-0.007677,-1,Anomaly,1,LOW,None
2026-01-01 00:10:00,16.34,28.76,119.03,0.7622,-65.94,100.0,86.57,-0.002752,-1,Anomaly,0,LOW,None
2026-01-01 00:15:00,16.78,28.84,117.8,0.624,-64.0,100.0,88.39,-0.014961,-1,Anomaly,1,LOW,None
2026-01-01 00:20:00,13.53,28.8,111.39,0.6776,-64.84,98.99,87.57,0.0024,1,Normal,0,LOW,None
2026-01-01 00:25:00,14.53,28.83,119.61,0.6719,-66.61,100.0,83.48,0.009224,1,Normal,0,LOW,None
2026-01-01 00:30:00,16.46,28.85,114.71,0.6137,-66.66,99.53,82.93,0.028787,1,Normal,0,LOW,None
2026-01-01 00:35:00,16.14,28.77,110.48,0.7373,-65.9,99.38,86.66,0.014383,1,Normal,0,LOW,None
2026-01-01 00:40:00,16.72,28.87,117.86,0.6862,-67.25,99.72,83.75,0.01981,1,Normal,0,LOW,None
2026-01-01 00:45:00,15.93,28.84,115.19,0.7287,-65.29,99.87,85.56,-0.004447,-1,Anomaly,0,LOW,None
2026-01-01 00:50:00,18.22,28.71,107.87,0.7956,-66.13,99.23,86.1,0.016159,1,Normal,0,LOW,None
2026-01-01 00:55:00,18.31,28.93,117.8,0.6891,-66.28,99.9,81.58,0.005386,1,Normal,0,LOW,None
2026-01-01 01:00:00,17.67,28.78,113.16,0.6884,-65.9,99.89,80.88,0.020337,1,Normal,0,LOW,None
2026-01-01 01:05:00,19.15,28.69,110.07,0.7119,-64.91,99.65,86.64,0.006643,1,Normal,0,LOW,None
2026-01-01 01:10:00,18.57,28.74,114.92,0.7486,-66.51,99.35,83.59,0.028089,1,Normal,0,LOW,None
2026-01-01 01:15:00,17.18,28.74,109.15,0.6883,-66.84,99.29,81.64,0.039025,1,Normal,0,LOW,None
2026-01-01 01:20:00,18.86,28.83,107.72,0.6876,-65.27,99.86,80.21,0.012222,1,Normal,0,LOW,None
2026-01-01 01:25:00,17.47,28.8,104.72,0.7569,-65.87,99.07,80.65,0.024136,1,Normal,0,LOW,None
2026-01-01 01:30:00,19.88,28.8,108.28,0.7316,-67.21,99.81,78.9,0.033734,1,Normal,0,LOW,None
2026-01-01 01:35:00,18.97,28.88,107.12,0.6363,-66.94,99.42,82.66,0.038093,1,Normal,0,LOW,None
2026-01-01 01:40:00,19.0,28.86,104.7,0.6708,-66.81,99.41,78.95,0.034438,1,Normal,0,LOW,None
2026-01-01 01:45:00,18.61,28.86,101.08,0.7815,-66.71,98.9,82.31,0.031482,1,Normal,0,LOW,None
2026-01-01 01:50:00,21.08,28.87,103.49,0.7391,-68.49,99.34,78.94,0.045985,1,Normal,0,LOW,None
2026-01-01 01:55:00,19.62,28.88,101.98,0.6941,-68.74,99.54,77.29,0.042809,1,Normal,0,LOW,None
2026-01-01 02:00:00,19.49,28.67,96.74,0.7193,-68.15,98.93,78.15,0.054001,1,Normal,0,LOW,None
2026-01-01 02:05:00,19.77,28.81,95.44,0.7281,-68.29,99.45,73.4,0.046907,1,Normal,0,LOW,None
2026-01-01 02:10:00,21.01,28.67,101.75,0.7584,-68.04,99.3,78.05,0.046698,1,Normal,0,LOW,None
2026-01-01 02:15:00,20.99,28.84,89.84,0.676,-66.83,99.05,77.6,0.039938,1,Normal,0,LOW,None
2026-01-01 02:20:00,21.23,28.84,98.85,0.6981,-67.71,99.47,79.24,0.041015,1,Normal,0,LOW,None
2026-01-01 02:25:00,21.43,28.93,95.65,0.7439,-67.41,98.53,73.48,0.039407,1,Normal,0,LOW,None
2026-01-01 02:30:00,23.66,28.94,101.09,0.7303,-68.91,99.26,79.24,0.0349,1,Normal,0,LOW,None
2026-01-01 02:35:00,20.77,28.86,93.97,0.7583,-68.22,99.62,78.23,0.036581,1,Normal,0,LOW,None
2026-01-01 02:40:00,20.81,28.81,97.2,0.6874,-67.25,99.54,78.78,0.039253,1,Normal,0,LOW,None
2026-01-01 02:45:00,20.62,28.89,92.71,0.752,-67.32,99.19,75.85,0.036069,1,Normal,0,LOW,None
2026-01-01 02:50:00,22.5,28.8,93.7,0.7824,-68.72,98.96,77.68,0.047541,1,Normal,0,LOW,None
2026-01-01 02:55:00,23.27,28.85,95.1,0.7593,-67.91,98.83,72.41,0.046537,1,Normal,0,LOW,None
2026-01-01 03:00:00,21.93,28.93,90.13,0.7463,-65.96,98.9,76.48,0.022726,1,Normal,0,LOW,None
2026-01-01 03:05:00,21.22,28.8,94.47,0.7378,-68.26,99.13,73.23,0.055957,1,Normal,0,LOW,None
2026-01-01 03:10:00,21.38,28.91,86.74,0.7092,-69.02,98.69,71.19,0.044462,1,Normal,0,LOW,None
2026-01-01 03:15:00,23.3,28.9,90.5,0.7405,-68.58,99.13,71.97,0.05009,1,Normal,0,LOW,None
2026-01-01 03:20:00,23.55,28.77,91.96,0.7945,-68.4,99.52,73.97,0.031017,1,Normal,0,LOW,None
2026-01-01 03:25:00,23.45,28.93,90.32,0.7401,-68.74,98.83,72.05,0.045516,1,Normal,0,LOW,None
2026-01-01 03:30:00,22.13,28.91,94.01,0.71,-68.71,98.42,74.2,0.052918,1,Normal,0,LOW,None
2026-01-01 03:35:00,23.34,28.86,83.93,0.7265,-70.21,98.39,69.59,0.046831,1,Normal,0,LOW,None
2026-01-01 03:40:00,23.33,28.79,81.09,0.7548,-69.82,99.0,68.72,0.039741,1,Normal,0,LOW,None
2026-01-01 03:45:00,23.58,28.78,81.77,0.7324,-69.1,98.72,75.5,0.054823,1,Normal,0,LOW,None
2026-01-01 03:50:00,24.48,28.81,86.91,0.7672,-69.21,98.97,74.34,0.044742,1,Normal,0,LOW,None
2026-01-01 03:55:00,23.82,28.89,85.7,0.7692,-69.7,98.52,70.23,0.040111,1,Normal,0,LOW,None
2026-01-01 04:00:00,24.47,28.77,83.7,0.7842,-69.41,98.9,72.12,0.042852,1,Normal,0,LOW,None
2026-01-01 04:05:00,23.85,28.88,78.81,0.8059,-69.26,98.58,73.97,0.03358,1,Normal,0,LOW,None
2026-01-01 04:10:00,24.22,28.75,84.84,0.7891,-68.53,98.38,72.59,0.043338,1,Normal,0,LOW,None
2026-01-01 04:15:00,24.73,28.83,77.31,0.7121,-69.62,98.45,71.87,0.048386,1,Normal,0,LOW,None
2026-01-01 04:20:00,22.31,28.86,85.11,0.7136,-69.22,98.18,73.6,0.058561,1,Normal,0,LOW,None
2026-01-01 04:25:00,23.77,29.04,90.53,0.7468,-70.26,99.11,69.79,0.026825,1,Normal,0,LOW,None
2026-01-01 04:30:00,23.67,28.74,81.31,0.7319,-69.25,98.46,71.17,0.054431,1,Normal,0,LOW,None
2026-01-01 04:35:00,23.55,28.96,81.59,0.7045,-69.54,98.65,70.93,0.037634,1,Normal,0,LOW,None
2026-01-01 04:40:00,24.07,28.86,77.36,0.7323,-69.15,98.27,62.27,0.016954,1,Normal,0,LOW,None
2026-01-01 04:45:00,26.26,28.88,72.31,0.731,-69.41,98.09,46.01,-0.045481,-1,Anomaly,8,LOW,Solar output anomaly (solar_output: 46.01 W)
2026-01-01 04:50:00,23.5,28.85,76.13,0.723,-69.64,98.3,30.36,-0.04407,-1,Anomaly,23,LOW,Solar output anomaly (solar_output: 30.36 W)
2026-01-01 04:55:00,25.76,28.88,74.02,0.7371,-70.43,98.68,14.18,-0.092731,-1,Anomaly,35,MEDIUM,Solar output anomaly (solar_output: 14.18 W)
2026-01-01 05:00:00,22.64,28.83,72.41,0.7966,-70.19,98.16,13.9,-0.083689,-1,Anomaly,35,MEDIUM,Solar output anomaly (solar_output: 13.9 W)
2026-01-01 05:05:00,24.31,28.95,83.16,0.7572,-69.47,98.03,30.8,-0.049023,-1,Anomaly,23,LOW,Solar output anomaly (solar_output: 30.8 W)
2026-01-01 05:10:00,24.96,28.8,77.77,0.8478,-71.29,98.31,44.99,-0.034414,-1,Anomaly,9,LOW,Solar output anomaly (solar_output: 44.99 W)
2026-01-01 05:15:00,25.51,28.93,77.85,0.7554,-71.37,98.38,61.8,-0.000683,-1,Anomaly,0,LOW,None
2026-01-01 05:20:00,25.7,28.78,75.17,0.7366,-70.67,98.7,69.54,0.022832,1,Normal,0,LOW,None
2026-01-01 05:25:00,25.84,28.83,75.41,0.7479,-70.54,98.28,70.81,0.032222,1,Normal,0,LOW,None
2026-01-01 05:30:00,24.5,28.75,79.17,0.7575,-71.89,98.34,65.81,0.026374,1,Normal,0,LOW,None
2026-01-01 05:35:00,24.39,28.87,75.49,0.7641,-71.24,98.34,71.81,0.037747,1,Normal,0,LOW,None
2026-01-01 05:40:00,25.99,28.94,77.29,0.8292,-71.37,97.75,68.65,2.1e-05,1,Normal,0,LOW,None
2026-01-01 05:45:00,24.75,28.82,74.61,0.7117,-73.6,97.78,72.44,0.040766,1,Normal,0,LOW,None
2026-01-01 05:50:00,23.46,28.81,73.99,0.7792,-71.71,97.71,69.05,0.028918,1,Normal,0,LOW,None
2026-01-01 05:55:00,23.64,28.73,70.17,0.7524,-71.76,97.61,69.92,0.024308,1,Normal,0,LOW,None
2026-01-01 06:00:00,23.9,28.8,68.12,0.6804,-71.87,98.22,73.86,0.026888,1,Normal,0,LOW,None
2026-01-01 06:05:00,25.59,28.69,74.09,0.7733,-70.4,98.04,69.51,0.018175,1,Normal,0,LOW,None
2026-01-01 06:10:00,25.16,28.74,75.2,0.7923,-73.14,97.95,72.58,0.030393,1,Normal,0,LOW,None
2026-01-01 06:15:00,25.81,28.83,70.52,0.7063,-72.85,97.12,70.23,0.017649,1,Normal,0,LOW,None
2026-01-01 06:20:00,24.45,28.92,74.95,0.7393,-74.75,98.49,71.04,0.017746,1,Normal,0,LOW,None
2026-01-01 06:25:00,25.13,29.03,75.33,0.6696,-72.73,97.57,70.42,0.024001,1,Normal,0,LOW,None
2026-01-01 06:30:00,25.67,28.76,67.7,0.6872,-72.75,98.43,72.05,0.011747,1,Normal,0,LOW,None
2026-01-01 06:35:00,24.51,28.92,72.17,0.7784,-72.97,97.35,69.07,0.015214,1,Normal,0,LOW,None
2026-01-01 06:40:00,25.4,28.82,76.95,0.7166,-71.46,97.51,68.57,0.036327,1,Normal,0,LOW,None
2026-01-01 06:45:00,24.01,28.79,77.06,0.6897,-71.81,97.07,69.37,0.041386,1,Normal,0,LOW,None
2026-01-01 06:50:00,24.33,28.83,71.87,0.742,-72.7,97.81,70.96,0.03454,1,Normal,0,LOW,None
2026-01-01 06:55:00,24.26,28.8,76.7,0.7106,-73.26,97.34,70.44,0.047207,1,Normal,0,LOW,None
2026-01-01 07:00:00,23.22,28.8,79.98,0.7114,-71.97,97.32,72.44,0.054824,1,Normal,0,LOW,None
2026-01-01 07:05:00,25.18,28.76,79.4,0.7584,-73.12,97.21,73.77,0.045738,1,Normal,0,LOW,None
2026-01-01 07:10:00,23.97,28.67,76.66,0.6809,-74.02,97.82,69.36,0.033813,1,Normal,0,LOW,None
2026-01-01 07:15:00,24.48,28.66,75.69,0.6897,-75.03,97.78,70.0,0.028679,1,Normal,0,LOW,None
2026-01-01 07:20:00,24.97,28.83,75.48,0.7306,-73.86,98.08,68.77,0.033279,1,Normal,0,LOW,None
2026-01-01 07:25:00,24.86,28.75,79.7,0.7616,-72.77,97.3,75.88,0.048596,1,Normal,0,LOW,None
2026-01-01 07:30:00,25.04,28.73,79.15,0.7708,-71.35,97.54,72.61,0.040418,1,Normal,0,LOW,None
2026-01-01 07:35:00,24.03,28.77,81.1,0.693,-73.67,97.06,73.15,0.054317,1,Normal,0,LOW,None
2026-01-01 07:40:00,23.56,28.83,79.8,0.7554,-74.6,97.32,69.72,0.033744,1,Normal,0,LOW,None
2026-01-01 07:45:00,23.87,28.78,82.68,0.6848,-75.12,97.24,72.61,0.048649,1,Normal,0,LOW,None
2026-01-01 07:50:00,21.85,28.71,80.64,0.7875,-73.48,97.5,73.85,0.043767,1,Normal,0,LOW,None
2026-01-01 07:55:00,22.03,28.85,83.57,0.6673,-75.9,97.64,72.55,0.041039,1,Normal,0,LOW,None
2026-01-01 08:00:00,22.07,28.88,84.41,0.7639,-73.69,97.61,75.44,0.044312,1,Normal,0,LOW,None
2026-01-01 08:05:00,22.35,28.79,79.1,0.6826,-73.52,97.03,78.16,0.05061,1,Normal,0,LOW,None
2026-01-01 08:10:00,23.91,28.82,76.16,0.7875,-74.0,97.55,71.89,0.038269,1,Normal,0,LOW,None
2026-01-01 08:15:00,22.23,28.84,88.48,0.7286,-74.75,97.21,72.0,0.049813,1,Normal,0,LOW,None
2026-01-01 08:20:00,22.74,28.83,84.59,0.6623,-74.06,97.1,72.56,0.056732,1,Normal,0,LOW,None
2026-01-01 08:25:00,24.62,28.78,78.32,0.68,-74.55,96.96,77.8,0.043564,1,Normal,0,LOW,None
2026-01-01 08:30:00,22.51,28.78,82.47,0.7301,-75.6,96.97,76.96,0.044263,1,Normal,0,LOW,None
2026-01-01 08:35:00,23.68,28.77,88.33,0.7388,-73.07,97.64,74.89,0.057769,1,Normal,0,LOW,None
2026-01-01 08:40:00,21.54,28.63,85.32,0.6917,-75.36,97.18,75.53,0.048656,1,Normal,0,LOW,None
2026-01-01 08:45:00,22.27,28.77,85.2,0.6942,-74.33,97.11,74.13,0.055365,1,Normal,0,LOW,None
2026-01-01 08:50:00,21.23,28.61,92.6,0.7205,-77.61,96.95,77.85,0.040559,1,Normal,0,LOW,None
2026-01-01 08:55:00,21.82,28.65,84.75,0.6932,-74.01,97.73,75.62,0.054529,1,Normal,0,LOW,None
2026-01-01 09:00:00,23.08,28.81,86.36,0.6339,-73.91,97.36,76.19,0.055213,1,Normal,0,LOW,None
2026-01-01 09:05:00,19.84,28.77,90.63,0.6508,-75.43,96.73,78.25,0.059186,1,Normal,0,LOW,None
2026-01-01 09:10:00,22.28,28.82,92.01,0.6903,-74.99,96.83,77.0,0.054083,1,Normal,0,LOW,None
2026-01-01 09:15:00,21.88,28.67,93.15,0.7272,-75.08,96.82,77.24,0.058222,1,Normal,0,LOW,None
2026-01-01 09:20:00,20.71,28.6,95.37,0.7408,-76.36,96.9,78.08,0.050492,1,Normal,0,LOW,None
2026-01-01 09:25:00,19.52,28.66,93.66,0.7048,-75.26,96.62,80.0,0.058051,1,Normal,0,LOW,None
2026-01-01 09:30:00,21.17,28.69,95.47,0.6827,-76.7,96.94,82.06,0.052034,1,Normal,0,LOW,None
2026-01-01 09:35:00,20.28,28.68,93.64,0.6986,-76.58,97.21,80.31,0.048162,1,Normal,0,LOW,None
2026-01-01 09:40:00,21.01,28.76,95.57,0.6395,-74.92,96.35,81.11,0.062035,1,Normal,0,LOW,None
2026-01-01 09:45:00,20.58,28.64,96.53,0.6574,-75.15,96.38,79.48,0.064646,1,Normal,0,LOW,None
2026-01-01 09:50:00,22.3,28.69,97.72,0.628,-76.91,96.55,78.84,0.050626,1,Normal,0,LOW,None
2026-01-01 09:55:00,19.9,28.58,100.48,0.6084,-77.02,96.53,81.95,0.059622,1,Normal,0,LOW,None
2026-01-01 10:00:00,18.77,28.69,100.54,0.669,-77.0,97.24,81.37,0.049765,1,Normal,0,LOW,None
2026-01-01 10:05:00,20.03,28.65,99.57,0.6604,-75.7,96.91,78.57,0.05997,1,Normal,0,LOW,None
2026-01-01 10:10:00,19.88,28.58,97.4,0.6778,-77.5,96.86,81.16,0.047877,1,Normal,0,LOW,None
2026-01-01 10:15:00,21.05,28.62,101.29,0.6694,-76.22,96.47,82.05,0.059753,1,Normal,0,LOW,None
2026-01-01 10:20:00,20.23,28.62,101.77,0.6545,-75.89,96.44,81.6,0.065589,1,Normal,0,LOW,None
2026-01-01 10:25:00,19.46,28.6,103.36,0.6643,-76.8,96.06,85.99,0.063362,1,Normal,0,LOW,None
2026-01-01 10:30:00,20.58,28.76,111.22,0.6375,-75.76,96.7,84.4,0.060075,1,Normal,0,LOW,None
2026-01-01 10:35:00,17.2,28.61,102.47,0.6529,-77.14,96.59,86.6,0.058881,1,Normal,0,LOW,None
2026-01-01 10:40:00,17.65,28.59,106.58,0.6045,-77.12,96.8,84.8,0.060542,1,Normal,0,LOW,None
2026-01-01 10:45:00,17.1,28.44,109.64,0.6455,-77.94,96.32,84.85,0.04772,1,Normal,0,LOW,None
2026-01-01 10:50:00,17.54,28.53,107.04,0.6545,-76.01,96.31,83.24,0.063425,1,Normal,0,LOW,None
2026-01-01 10:55:00,16.15,28.57,115.66,0.5981,-77.85,96.38,85.56,0.054242,1,Normal,0,LOW,None
2026-01-01 11:00:00,18.35,28.53,106.93,0.624,-76.79,96.57,85.99,0.060998,1,Normal,0,LOW,None
2026-01-01 11:05:00,17.11,28.69,110.16,0.5941,-77.26,95.83,83.65,0.064532,1,Normal,0,LOW,None
2026-01-01 11:10:00,15.4,28.57,106.98,0.595,-78.3,96.47,85.74,0.046472,1,Normal,0,LOW,None
2026-01-01 11:15:00,15.73,28.68,109.3,0.5681,-77.91,96.21,86.6,0.049121,1,Normal,0,LOW,None
2026-01-01 11:20:00,17.11,28.57,112.14,0.6607,-75.96,95.87,88.51,0.065832,1,Normal,0,LOW,None
2026-01-01 11:25:00,17.53,28.57,114.95,0.6497,-77.19,95.53,89.04,0.06501,1,Normal,0,LOW,None
2026-01-01 11:30:00,18.7,28.55,113.82,0.6256,-78.45,96.09,87.39,0.050804,1,Normal,0,LOW,None
2026-01-01 11:35:00,19.59,28.55,117.8,0.68,-77.18,96.54,89.92,0.052438,1,Normal,0,LOW,None
2026-01-01 11:40:00,16.37,28.68,113.75,0.5905,-77.67,96.58,89.06,0.044807,1,Normal,0,LOW,None
2026-01-01 11:45:00,14.47,28.35,113.59,0.7162,-74.12,96.15,84.12,0.054164,1,Normal,0,LOW,None
2026-01-01 11:50:00,12.88,28.37,124.87,0.5828,-77.32,96.61,89.33,0.039222,1,Normal,0,LOW,None
2026-01-01 11:55:00,15.54,28.48,117.42,0.599,-78.03,95.98,92.89,0.054413,1,Normal,0,LOW,None
2026-01-01 12:00:00,14.02,28.52,114.14,0.5698,-76.26,96.25,87.8,0.058898,1,Normal,0,LOW,None
2026-01-01 12:05:00,14.28,28.57,114.83,0.5975,-79.56,95.8,91.83,0.039384,1,Normal,0,LOW,None
2026-01-01 12:10:00,13.83,28.55,114.54,0.613,-77.65,95.75,95.21,0.059268,1,Normal,0,LOW,None
2026-01-01 12:15:00,14.18,28.47,121.68,0.5719,-75.78,95.68,90.95,0.054668,1,Normal,0,LOW,None
2026-01-01 12:20:00,15.41,28.58,117.67,0.6444,-77.92,95.23,92.91,0.059197,1,Normal,0,LOW,None
2026-01-01 12:25:00,14.1,28.58,119.92,0.5798,-79.56,96.21,90.73,0.03384,1,Normal,0,LOW,None
2026-01-01 12:30:00,13.5,28.5,119.75,0.5779,-78.25,95.6,97.02,0.049598,1,Normal,0,LOW,None
2026-01-01 12:35:00,12.24,28.56,123.02,0.5276,-76.42,95.53,94.02,0.052159,1,Normal,0,LOW,None
2026-01-01 12:40:00,11.25,28.5,117.95,0.5775,-77.52,95.39,94.71,0.062621,1,Normal,0,LOW,None
2026-01-01 12:45:00,12.47,28.42,117.59,0.5523,-78.76,95.65,97.75,0.048247,1,Normal,0,LOW,None
2026-01-01 12:50:00,12.77,28.52,122.55,0.5302,-78.62,96.21,96.78,0.03835,1,Normal,0,LOW,None
2026-01-01 12:55:00,14.74,28.47,124.26,0.5203,-78.51,96.28,94.13,0.025872,1,Normal,0,LOW,None
2026-01-01 13:00:00,12.57,28.45,123.69,0.6551,-77.6,95.13,95.0,0.053223,1,Normal,0,LOW,None
2026-01-01 13:05:00,13.38,28.56,120.03,0.5345,-76.64,95.49,97.7,0.059803,1,Normal,0,LOW,None
2026-01-01 13:10:00,11.39,28.24,125.56,0.4837,-76.93,95.26,95.87,0.049033,1,Normal,0,LOW,None
2026-01-01 13:15:00,10.36,28.32,120.87,0.5109,-77.53,95.84,93.29,0.049483,1,Normal,0,LOW,None
2026-01-01 13:20:00,10.42,28.33,121.92,0.5336,-79.33,95.6,97.82,0.038623,1,Normal,0,LOW,None
2026-01-01 13:25:00,10.51,28.39,120.69,0.5544,-79.33,95.3,95.36,0.042288,1,Normal,0,LOW,None
2026-01-01 13:30:00,13.73,28.39,128.76,0.5516,-77.47,95.48,101.95,0.032259,1,Normal,0,LOW,None
2026-01-01 13:35:00,9.99,28.29,126.62,0.5534,-79.34,95.29,99.46,0.026093,1,Normal,0,LOW,None
2026-01-01 13:40:00,11.78,28.32,126.68,0.4974,-78.22,95.89,97.69,0.03452,1,Normal,0,LOW,None
2026-01-01 13:45:00,9.49,28.32,129.07,0.5337,-77.69,95.54,98.48,0.029856,1,Normal,0,LOW,None
2026-01-01 13:50:00,11.5,28.58,134.66,0.4819,-79.12,95.55,96.48,-0.003184,-1,Anomaly,0,LOW,None
2026-01-01 13:55:00,10.65,28.53,118.92,0.4891,-79.0,94.52,98.43,0.039834,1,Normal,0,LOW,None
2026-01-01 14:00:00,9.81,28.34,122.38,0.4741,-78.06,95.27,103.03,0.041412,1,Normal,0,LOW,None
2026-01-01 14:05:00,9.76,28.34,122.84,0.4602,-77.45,95.89,105.82,0.033173,1,Normal,0,LOW,None
2026-01-01 14:10:00,8.84,28.27,122.02,0.5472,-76.88,95.63,103.17,0.04896,1,Normal,0,LOW,None
2026-01-01 14:15:00,9.98,28.2,121.21,0.5291,-77.32,94.65,101.88,0.062189,1,Normal,0,LOW,None
2026-01-01 14:20:00,8.72,28.34,123.88,0.5376,-77.83,95.09,101.54,0.041892,1,Normal,0,LOW,None
2026-01-01 14:25:00,7.62,28.26,120.6,0.4971,-78.63,94.79,100.83,0.049911,1,Normal,0,LOW,None
2026-01-01 14:30:00,7.38,28.33,125.93,0.5236,-78.94,95.64,107.2,0.021489,1,Normal,0,LOW,None
2026-01-01 14:35:00,8.95,28.2,124.81,0.4191,-78.35,95.17,103.03,0.027023,1,Normal,0,LOW,None
2026-01-01 14:40:00,10.47,28.26,126.16,0.521,-77.41,94.84,107.96,0.036107,1,Normal,0,LOW,None
2026-01-01 14:45:00,8.6,28.33,126.07,0.4906,-77.45,95.05,106.83,0.035558,1,Normal,0,LOW,None
2026-01-01 14:50:00,8.1,28.34,126.2,0.5057,-79.86,94.23,100.87,0.028606,1,Normal,0,LOW,None
2026-01-01 14:55:00,8.43,28.34,122.55,0.4929,-78.52,94.66,103.32,0.043233,1,Normal,0,LOW,None
2026-01-01 15:00:00,9.5,28.19,131.02,0.4353,-76.49,94.97,103.61,0.017085,1,Normal,0,LOW,None
2026-01-01 15:05:00,8.04,28.36,124.14,0.4119,-77.58,95.18,105.07,0.032182,1,Normal,0,LOW,None
2026-01-01 15:10:00,7.13,28.22,116.49,0.4405,-79.04,94.32,105.39,0.038068,1,Normal,0,LOW,None
2026-01-01 15:15:00,8.81,28.33,119.17,0.4887,-75.23,94.76,111.77,0.035187,1,Normal,0,LOW,None
2026-01-01 15:20:00,7.85,28.27,116.23,0.4908,-77.58,95.15,103.89,0.048452,1,Normal,0,LOW,None
2026-01-01 15:25:00,9.04,28.15,122.0,0.4057,-77.12,94.38,106.76,0.044202,1,Normal,0,LOW,None
2026-01-01 15:30:00,7.29,28.23,121.11,0.4184,-77.06,94.86,107.78,0.046939,1,Normal,0,LOW,None
2026-01-01 15:35:00,5.47,28.28,119.47,0.4259,-77.78,94.78,106.79,0.04085,1,Normal,0,LOW,None
2026-01-01 15:40:00,5.17,28.29,127.7,0.4378,-78.1,95.25,107.25,0.016159,1,Normal,0,LOW,None
2026-01-01 15:45:00,8.67,28.23,122.11,0.3949,-75.2,94.63,105.16,0.042435,1,Normal,0,LOW,None
2026-01-01 15:50:00,8.63,28.35,122.23,0.3898,-76.27,94.62,107.68,0.038177,1,Normal,0,LOW,None
2026-01-01 15:55:00,6.24,28.31,115.92,0.4111,-76.4,94.9,108.7,0.04532,1,Normal,0,LOW,None
2026-01-01 16:00:00,5.88,28.2,115.15,0.4448,-76.59,94.22,108.53,0.055291,1,Normal,0,LOW,None
2026-01-01 16:05:00,7.99,28.27,118.22,0.3915,-78.11,94.52,109.21,0.035653,1,Normal,0,LOW,None
2026-01-01 16:10:00,4.8,28.36,118.12,0.4315,-75.77,94.43,111.07,0.041102,1,Normal,0,LOW,None
2026-01-01 16:15:00,4.96,28.36,110.42,0.4759,-77.83,94.49,110.3,0.036692,1,Normal,0,LOW,None
2026-01-01 16:20:00,6.71,28.09,115.68,0.3789,-76.65,94.76,108.73,0.041032,1,Normal,0,LOW,None
2026-01-01 16:25:00,5.37,28.11,115.73,0.4202,-78.51,94.64,106.4,0.037285,1,Normal,0,LOW,None
2026-01-01 16:30:00,5.76,28.3,114.28,0.467,-78.85,94.23,107.69,0.040443,1,Normal,0,LOW,None
2026-01-01 16:35:00,5.48,28.09,111.53,0.4068,-76.42,94.46,108.59,0.054309,1,Normal,0,LOW,None
2026-01-01 16:40:00,6.01,28.06,111.81,0.3982,-77.48,94.84,109.67,0.034531,1,Normal,0,LOW,None
2026-01-01 16:45:00,7.22,28.12,112.39,0.4653,-78.59,94.12,108.32,0.045805,1,Normal,0,LOW,None
2026-01-01 16:50:00,5.57,28.19,112.62,0.4042,-75.99,94.38,107.52,0.056868,1,Normal,0,LOW,None
2026-01-01 16:55:00,6.17,28.14,113.7,0.4583,-74.34,94.25,107.12,0.058931,1,Normal,0,LOW,None
2026-01-01 17:00:00,2.88,28.09,114.63,0.429,-75.0,94.26,106.29,0.038454,1,Normal,0,LOW,None
2026-01-01 17:05:00,5.23,28.08,109.08,0.3958,-76.57,93.77,109.2,0.050429,1,Normal,0,LOW,None
2026-01-01 17:10:00,4.23,28.07,107.76,0.4265,-76.23,94.65,106.81,0.051423,1,Normal,0,LOW,None
2026-01-01 17:15:00,3.73,28.05,110.12,0.418,-75.28,93.97,107.81,0.048711,1,Normal,0,LOW,None
2026-01-01 17:20:00,4.1,28.3,109.95,0.4438,-74.96,94.48,109.08,0.042259,1,Normal,0,LOW,None
2026-01-01 17:25:00,4.72,28.13,105.52,0.379,-76.35,93.96,107.24,0.051036,1,Normal,0,LOW,None
2026-01-01 17:30:00,6.18,28.17,109.01,0.4005,-75.89,93.93,110.71,0.051914,1,Normal,0,LOW,None
2026-01-01 17:35:00,3.47,28.06,108.88,0.3943,-75.54,94.45,111.45,0.024507,1,Normal,0,LOW,None
2026-01-01 17:40:00,5.07,28.07,109.17,0.4229,-75.21,94.36,108.89,0.055003,1,Normal,0,LOW,None
2026-01-01 17:45:00,4.44,28.03,110.07,0.3518,-75.81,94.09,109.13,0.037696,1,Normal,0,LOW,None
2026-01-01 17:50:00,4.62,27.86,100.0,0.4316,-75.71,94.23,111.07,0.034569,1,Normal,0,LOW,None
2026-01-01 17:55:00,6.21,27.96,102.27,0.4077,-74.12,93.89,108.56,0.056161,1,Normal,0,LOW,None
2026-01-01 18:00:00,5.65,27.92,101.44,0.3345,-74.21,93.94,108.4,0.03603,1,Normal,0,LOW,None
2026-01-01 18:05:00,6.61,27.88,100.24,0.4337,-74.85,93.72,112.33,0.033275,1,Normal,0,LOW,None
2026-01-01 18:10:00,4.82,27.96,97.5,0.473,-73.52,94.16,111.66,0.039926,1,Normal,0,LOW,None
2026-01-01 18:15:00,4.19,28.15,93.75,0.4219,-75.53,93.65,111.05,0.039379,1,Normal,0,LOW,None
2026-01-01 18:20:00,4.77,28.04,98.46,0.4373,-73.43,94.28,111.64,0.039396,1,Normal,0,LOW,None
2026-01-01 18:25:00,5.35,28.14,94.63,0.382,-74.42,93.71,105.77,0.048602,1,Normal,0,LOW,None
2026-01-01 18:30:00,5.3,28.06,96.81,0.3105,-71.59,93.78,112.35,0.010325,1,Normal,0,LOW,None
2026-01-01 18:35:00,3.82,28.08,92.92,0.3016,-75.96,93.98,110.34,0.023058,1,Normal,0,LOW,None
2026-01-01 18:40:00,5.26,27.94,91.05,0.3841,-75.36,93.73,111.48,0.037336,1,Normal,0,LOW,None
2026-01-01 18:45:00,5.47,28.05,94.92,0.3487,-74.16,93.6,110.13,0.040525,1,Normal,0,LOW,None
2026-01-01 18:50:00,8.26,28.06,93.83,0.3344,-74.08,93.66,109.34,0.038363,1,Normal,0,LOW,None
2026-01-01 18:55:00,7.54,27.95,94.55,0.3671,-72.43,93.91,108.57,0.046891,1,Normal,0,LOW,None
2026-01-01 19:00:00,4.32,28.04,99.4,0.3929,-74.95,93.41,109.72,0.040695,1,Normal,0,LOW,None
2026-01-01 19:05:00,5.05,28.03,91.95,0.3089,-73.28,93.54,108.22,0.035301,1,Normal,0,LOW,None
2026-01-01 19:10:00,3.71,27.94,91.92,0.3478,-72.92,93.56,110.43,0.029078,1,Normal,0,LOW,None
2026-01-01 19:15:00,4.82,27.88,85.7,0.4249,-73.28,93.78,105.36,0.043618,1,Normal,0,LOW,None
2026-01-01 19:20:00,5.98,27.87,84.23,0.3204,-74.84,93.47,107.28,0.029593,1,Normal,0,LOW,None
2026-01-01 19:25:00,7.13,27.97,93.55,0.3971,-72.37,94.01,112.27,0.030419,1,Normal,0,LOW,None
2026-01-01 19:30:00,4.89,27.98,84.07,0.3418,-72.44,93.39,106.75,0.040666,1,Normal,0,LOW,None
2026-01-01 19:35:00,5.06,27.89,82.95,0.382,-72.97,93.34,107.33,0.044779,1,Normal,0,LOW,None
2026-01-01 19:40:00,3.36,27.95,85.78,0.4031,-73.26,93.33,105.84,0.039539,1,Normal,0,LOW,None
2026-01-01 19:45:00,5.84,27.99,84.93,0.388,-73.13,92.96,108.06,0.046913,1,Normal,0,LOW,None
2026-01-01 19:50:00,4.85,27.98,81.44,0.3938,-73.33,93.02,105.7,0.04657,1,Normal,0,LOW,None
2026-01-01 19:55:00,5.6,28.05,82.89,0.3106,-72.51,93.14,106.57,0.037806,1,Normal,0,LOW,None
2026-01-01 20:00:00,5.29,28.03,87.65,0.4004,-73.01,93.61,108.4,0.04871,1,Normal,0,LOW,None
2026-01-01 20:05:00,6.34,27.84,79.92,0.321,-73.79,93.24,105.07,0.036397,1,Normal,0,LOW,None
2026-01-01 20:10:00,4.46,28.05,77.28,0.3648,-73.88,93.07,107.79,0.035567,1,Normal,0,LOW,None
2026-01-01 20:15:00,4.92,27.86,84.9,0.3641,-73.48,93.56,107.6,0.040739,1,Normal,0,LOW,None
2026-01-01 20:20:00,9.36,27.98,82.78,0.3726,-72.39,93.63,107.8,0.04737,1,Normal,0,LOW,None
2026-01-01 20:25:00,5.39,27.9,78.36,0.3662,-72.54,93.51,105.69,0.04209,1,Normal,0,LOW,None
2026-01-01 20:30:00,5.75,27.86,74.49,0.3184,-72.19,92.85,111.61,0.009149,1,Normal,0,LOW,None
2026-01-01 20:35:00,9.41,27.74,76.94,0.2978,-71.79,92.93,106.95,0.023681,1,Normal,0,LOW,None
2026-01-01 20:40:00,10.83,27.87,78.89,0.3863,-72.81,93.59,105.19,0.051218,1,Normal,0,LOW,None
2026-01-01 20:45:00,6.08,27.75,82.73,0.3585,-70.61,93.09,102.49,0.038041,1,Normal,0,LOW,None
2026-01-01 20:50:00,7.19,27.95,74.61,0.3967,-72.24,92.91,103.74,0.037693,1,Normal,0,LOW,None
2026-01-01 20:55:00,8.19,27.99,77.55,0.3487,-72.3,93.18,106.47,0.043814,1,Normal,0,LOW,None
2026-01-01 21:00:00,10.0,27.8,79.84,0.2941,-71.27,93.24,106.71,0.026277,1,Normal,0,LOW,None
2026-01-01 21:05:00,6.9,27.88,68.8,0.3888,-73.48,92.74,105.92,0.020861,1,Normal,0,LOW,None
2026-01-01 21:10:00,7.95,27.79,80.43,0.3352,-72.33,92.95,104.2,0.042467,1,Normal,0,LOW,None
2026-01-01 21:15:00,9.34,27.8,72.38,0.3637,-70.45,93.13,99.78,0.034958,1,Normal,0,LOW,None
2026-01-01 21:20:00,9.09,27.9,77.42,0.3241,-73.06,92.48,102.91,0.040057,1,Normal,0,LOW,None
2026-01-01 21:25:00,8.29,27.83,76.87,0.4158,-70.1,92.8,99.1,0.051977,1,Normal,0,LOW,None
2026-01-01 21:30:00,8.75,27.97,79.59,0.3151,-69.6,92.43,98.25,0.038418,1,Normal,0,LOW,None
2026-01-01 21:35:00,7.44,27.79,77.53,0.3368,-71.38,92.45,101.34,0.036858,1,Normal,0,LOW,None
2026-01-01 21:40:00,8.98,27.9,67.12,0.3548,-70.61,92.54,101.54,0.015386,1,Normal,0,LOW,None
2026-01-01 21:45:00,9.12,27.83,72.55,0.3071,-69.68,92.83,101.93,0.029535,1,Normal,0,LOW,None
2026-01-01 21:50:00,9.91,27.88,75.67,0.3643,-71.16,92.56,100.74,0.049136,1,Normal,0,LOW,None
2026-01-01 21:55:00,9.15,27.77,74.42,0.4159,-69.72,92.43,100.42,0.048998,1,Normal,0,LOW,None
2026-01-01 22:00:00,10.57,27.8,76.71,0.3322,-71.15,92.62,97.0,0.050227,1,Normal,0,LOW,None
2026-01-01 22:05:00,11.41,27.79,77.77,0.3681,-70.85,92.23,98.37,0.054771,1,Normal,0,LOW,None
2026-01-01 22:10:00,10.57,27.73,77.13,1.6524,-71.07,92.67,95.17,0.005384,1,Normal,3,LOW,Radiation anomaly (radiation_level: 1.652 mSv/h)
2026-01-01 22:15:00,11.0,27.84,74.27,4.5397,-69.83,92.86,93.78,-0.069771,-1,Anomaly,34,MEDIUM,Radiation anomaly (radiation_level: 4.54 mSv/h)
2026-01-01 22:20:00,10.84,27.84,68.61,7.3277,-68.91,92.46,98.86,-0.129934,-1,Anomaly,52,MEDIUM,Radiation anomaly (radiation_level: 7.328 mSv/h)
2026-01-01 22:25:00,10.97,27.83,73.55,10.1198,-70.15,92.4,95.47,-0.136655,-1,Anomaly,52,MEDIUM,Radiation anomaly (radiation_level: 10.12 mSv/h)
2026-01-01 22:30:00,10.31,27.9,76.7,10.1294,-71.14,92.54,98.31,-0.135161,-1,Anomaly,52,MEDIUM,Radiation anomaly (radiation_level: 10.129 mSv/h)
2026-01-01 22:35:00,11.76,27.89,71.56,7.3283,-70.85,91.8,98.36,-0.1185,-1,Anomaly,52,MEDIUM,Radiation anomaly (radiation_level: 7.328 mSv/h)
2026-01-01 22:40:00,11.46,27.74,77.74,4.5383,-69.27,92.54,94.49,-0.075183,-1,Anomaly,34,MEDIUM,Radiation anomaly (radiation_level: 4.538 mSv/h)
2026-01-01 22:45:00,14.3,27.8,78.89,1.7396,-67.72,93.28,96.49,-0.015582,-1,Anomaly,6,LOW,Radiation anomaly (radiation_level: 1.74 mSv/h)
2026-01-01 22:50:00,13.88,27.71,76.36,0.2818,-69.07,92.28,93.57,0.036717,1,Normal,0,LOW,None
2026-01-01 22:55:00,12.66,27.76,65.42,0.3141,-69.76,92.26,90.77,0.023934,1,Normal,0,LOW,None
2026-01-01 23:00:00,11.5,27.71,71.93,0.3988,-68.51,92.49,94.29,0.039586,1,Normal,0,LOW,None
2026-01-01 23:05:00,11.29,27.88,83.29,0.277,-69.42,92.73,92.67,0.040086,1,Normal,0,LOW,None
2026-01-01 23:10:00,14.26,27.78,75.08,0.3318,-69.46,92.5,92.3,0.049109,1,Normal,0,LOW,None
2026-01-01 23:15:00,13.36,27.73,70.38,0.3476,-69.95,91.53,96.7,0.03773,1,Normal,0,LOW,None
2026-01-01 23:20:00,13.84,27.84,82.0,0.4344,-67.49,92.32,89.27,0.058646,1,Normal,0,LOW,None
2026-01-01 23:25:00,11.39,27.56,78.11,0.3967,-71.35,92.9,92.65,0.044776,1,Normal,0,LOW,None
2026-01-01 23:30:00,14.81,27.57,82.33,0.3449,-67.92,92.28,89.46,0.037912,1,Normal,0,LOW,None
2026-01-01 23:35:00,14.46,27.79,79.86,0.4206,-69.09,91.72,92.83,0.062334,1,Normal,0,LOW,None
2026-01-01 23:40:00,12.8,27.73,80.95,0.3402,-68.95,92.12,91.17,0.053807,1,Normal,0,LOW,None
2026-01-01 23:45:00,13.78,27.74,81.09,0.4115,-66.76,91.63,90.9,0.051105,1,Normal,0,LOW,None
2026-01-01 23:50:00,14.88,27.62,82.75,0.3183,-69.08,92.35,87.81,0.041521,1,Normal,0,LOW,None
2026-01-01 23:55:00,14.84,27.72,88.79,0.417,-68.96,91.67,87.74,0.070612,1,Normal,0,LOW,None
2026-01-02 00:00:00,14.65,27.88,84.76,0.3594,-68.33,91.95,90.69,0.054597,1,Normal,0,LOW,None
2026-01-02 00:05:00,15.09,27.78,76.38,0.336,-67.7,91.64,91.94,0.042363,1,Normal,0,LOW,None
2026-01-02 00:10:00,15.13,27.72,84.05,0.3701,-68.47,91.71,88.92,0.056189,1,Normal,0,LOW,None
2026-01-02 00:15:00,15.84,27.67,87.07,0.3915,-69.52,92.29,85.73,0.061495,1,Normal,0,LOW,None
2026-01-02 00:20:00,17.64,27.67,87.9,0.3623,-68.74,91.85,87.77,0.055439,1,Normal,0,LOW,None
2026-01-02 00:25:00,13.01,27.53,82.83,0.406,-66.51,91.62,91.52,0.035915,1,Normal,0,LOW,None
2026-01-02 00:30:00,16.02,27.72,89.04,0.3623,-67.64,91.42,86.44,0.057667,1,Normal,0,LOW,None
2026-01-02 00:35:00,16.73,27.76,88.87,0.4122,-67.19,91.17,88.73,0.062108,1,Normal,0,LOW,None
2026-01-02 00:40:00,17.09,27.57,95.31,0.4069,-67.83,91.33,83.9,0.060417,1,Normal,0,LOW,None
2026-01-02 00:45:00,16.5,27.64,84.37,0.3887,-68.16,91.71,84.88,0.052041,1,Normal,0,LOW,None
2026-01-02 00:50:00,15.06,27.6,85.93,0.3754,-65.75,91.94,85.78,0.034071,1,Normal,0,LOW,None
2026-01-02 00:55:00,17.77,27.61,87.35,0.4011,-67.55,91.45,84.92,0.058639,1,Normal,0,LOW,None
2026-01-02 01:00:00,19.66,27.69,87.43,0.419,-67.73,92.06,82.17,0.067763,1,Normal,0,LOW,None
2026-01-02 01:05:00,15.96,27.52,86.78,0.4815,-66.13,91.35,81.67,0.043575,1,Normal,0,LOW,None
2026-01-02 01:10:00,19.04,27.73,80.98,0.4387,-67.88,91.46,84.86,0.063979,1,Normal,0,LOW,None
2026-01-02 01:15:00,17.82,27.74,89.89,0.4423,-67.69,91.18,84.86,0.070004,1,Normal,0,LOW,None
2026-01-02 01:20:00,18.35,27.66,93.48,0.529,-67.03,91.78,85.1,0.067588,1,Normal,0,LOW,None
2026-01-02 01:25:00,17.36,27.48,91.24,0.4283,-66.98,92.08,85.28,0.05136,1,Normal,0,LOW,None
2026-01-02 01:30:00,18.43,27.59,100.53,0.4292,-66.66,90.89,81.55,0.065173,1,Normal,0,LOW,None
2026-01-02 01:35:00,20.59,27.77,94.6,0.4403,-64.77,91.29,80.27,0.048775,1,Normal,0,LOW,None
2026-01-02 01:40:00,19.93,27.45,99.87,0.374,-66.47,91.75,83.21,0.039658,1,Normal,0,LOW,None
2026-01-02 01:45:00,21.5,27.64,97.07,0.399,-69.13,90.91,81.55,0.062259,1,Normal,0,LOW,None
2026-01-02 01:50:00,21.03,27.57,99.86,0.3988,-66.38,91.48,77.78,0.055068,1,Normal,0,LOW,None
2026-01-02 01:55:00,20.34,27.73,98.76,0.4474,-66.62,91.65,77.31,0.071835,1,Normal,0,LOW,None
2026-01-02 02:00:00,22.09,27.61,103.39,0.4169,-66.56,91.28,79.99,0.062592,1,Normal,0,LOW,None
2026-01-02 02:05:00,20.71,27.69,99.61,0.4319,-66.31,91.39,78.29,0.06829,1,Normal,0,LOW,None
2026-01-02 02:10:00,21.37,27.71,101.97,0.4723,-66.54,91.73,78.23,0.065898,1,Normal,0,LOW,None
2026-01-02 02:15:00,20.2,27.81,102.33,0.4659,-66.52,91.76,80.08,0.069794,1,Normal,0,LOW,None
2026-01-02 02:20:00,20.82,27.64,100.86,0.4274,-65.82,91.12,79.11,0.058897,1,Normal,0,LOW,None
2026-01-02 02:25:00,20.08,27.69,104.1,0.4097,-66.93,90.96,79.91,0.069019,1,Normal,0,LOW,None
2026-01-02 02:30:00,22.28,27.54,111.31,0.4845,-67.3,90.81,73.06,0.061901,1,Normal,0,LOW,None
2026-01-02 02:35:00,19.85,27.75,103.35,0.4726,-63.29,91.35,77.1,0.039789,1,Normal,0,LOW,None
2026-01-02 02:40:00,22.37,27.59,106.57,0.3801,-67.0,90.62,77.66,0.061222,1,Normal,0,LOW,None
2026-01-02 02:45:00,21.36,27.61,110.3,0.4345,-66.15,90.93,72.9,0.055394,1,Normal,0,LOW,None
2026-01-02 02:50:00,23.16,27.65,110.68,0.4563,-67.72,91.01,74.34,0.068149,1,Normal,0,LOW,None
2026-01-02 02:55:00,22.82,27.53,107.52,0.4836,-66.08,90.8,73.67,0.054006,1,Normal,0,LOW,None
2026-01-02 03:00:00,24.26,27.67,99.91,0.4916,-67.1,91.0,75.1,0.062912,1,Normal,0,LOW,None
2026-01-02 03:05:00,23.1,27.73,110.83,0.4693,-66.59,91.66,78.03,0.065995,1,Normal,0,LOW,None
2026-01-02 03:10:00,20.49,27.67,102.01,0.4842,-65.08,90.83,78.54,0.0521,1,Normal,0,LOW,None
2026-01-02 03:15:00,22.44,27.52,115.67,0.4662,-65.63,90.7,72.59,0.044438,1,Normal,0,LOW,None
2026-01-02 03:20:00,21.25,27.64,111.86,0.4395,-65.51,91.11,75.01,0.054556,1,Normal,0,LOW,None
2026-01-02 03:25:00,22.18,27.71,115.49,0.4589,-67.84,90.85,74.82,0.070272,1,Normal,0,LOW,None
2026-01-02 03:30:00,24.75,27.5,109.54,0.473,-64.21,91.18,74.22,0.012731,1,Normal,0,LOW,None
2026-01-02 03:35:00,23.83,27.56,107.96,0.4737,-67.23,90.77,74.01,0.059419,1,Normal,0,LOW,None
2026-01-02 03:40:00,22.35,27.72,114.99,0.4026,-64.5,90.62,73.58,0.034753,1,Normal,0,LOW,None
2026-01-02 03:45:00,22.1,27.67,114.63,0.4651,-65.0,90.13,76.13,0.047615,1,Normal,0,LOW,None
2026-01-02 03:50:00,23.47,27.68,113.68,0.4862,-65.43,90.15,74.74,0.051893,1,Normal,0,LOW,None
2026-01-02 03:55:00,22.09,27.8,116.33,0.4756,-66.86,90.06,70.2,0.061532,1,Normal,0,LOW,None
2026-01-02 04:00:00,22.85,27.69,126.34,0.48,-65.85,90.7,73.72,0.041506,1,Normal,0,LOW,None
2026-01-02 04:05:00,24.14,27.7,120.18,0.5124,-66.47,90.15,73.72,0.06165,1,Normal,0,LOW,None
2026-01-02 04:10:00,25.26,27.87,121.51,0.4527,-65.97,90.9,72.38,0.041355,1,Normal,0,LOW,None
2026-01-02 04:15:00,24.7,27.64,121.36,0.4338,-66.25,90.51,73.84,0.049886,1,Normal,0,LOW,None
2026-01-02 04:20:00,21.31,27.59,124.13,0.4881,-68.05,90.4,71.79,0.050537,1,Normal,0,LOW,None
2026-01-02 04:25:00,24.52,27.69,118.81,0.5356,-64.89,90.19,71.66,0.042332,1,Normal,0,LOW,None
2026-01-02 04:30:00,24.33,27.69,112.78,0.5756,-66.1,90.6,71.35,0.057721,1,Normal,0,LOW,None
2026-01-02 04:35:00,24.82,27.61,119.8,0.5425,-66.52,90.15,66.93,0.043663,1,Normal,0,LOW,None
2026-01-02 04:40:00,26.34,27.57,123.76,0.4555,-66.6,90.06,70.68,0.029544,1,Normal,0,LOW,None
2026-01-02 04:45:00,21.99,27.84,117.96,0.5081,-65.7,90.69,69.38,0.05285,1,Normal,0,LOW,None
2026-01-02 04:50:00,23.83,27.68,121.15,0.5307,-66.97,90.41,68.23,0.051488,1,Normal,0,LOW,None
2026-01-02 04:55:00,25.31,27.6,119.73,0.5307,-68.35,90.2,73.37,0.062218,1,Normal,0,LOW,None
2026-01-02 05:00:00,22.76,27.73,127.78,0.5483,-65.7,90.44,71.42,0.047082,1,Normal,0,LOW,None
2026-01-02 05:05:00,26.48,27.65,125.49,0.4931,-65.61,90.22,70.27,0.02656,1,Normal,0,LOW,None
2026-01-02 05:10:00,25.2,27.64,125.46,0.5355,-66.36,90.31,69.13,0.046492,1,Normal,0,LOW,None
2026-01-02 05:15:00,25.82,27.71,125.65,0.5529,-67.33,89.92,70.78,0.047533,1,Normal,0,LOW,None
2026-01-02 05:20:00,24.16,27.56,123.62,0.5722,-66.12,90.76,72.12,0.0451,1,Normal,0,LOW,None
2026-01-02 05:25:00,25.86,27.7,124.68,0.5101,-67.7,89.93,68.43,0.038275,1,Normal,0,LOW,None
2026-01-02 05:30:00,26.2,27.82,120.06,0.5317,-67.3,90.54,70.04,0.046257,1,Normal,0,LOW,None
2026-01-02 05:35:00,25.22,27.71,116.75,0.4405,-67.05,89.99,71.76,0.056212,1,Normal,0,LOW,None
2026-01-02 05:40:00,25.24,27.64,125.09,0.5269,-65.49,90.26,66.14,0.02251,1,Normal,0,LOW,None
2026-01-02 05:45:00,25.3,27.63,125.84,0.5339,-66.74,90.21,69.89,0.047226,1,Normal,0,LOW,None
2026-01-02 05:50:00,23.95,27.64,129.05,0.5173,-66.86,90.31,69.14,0.038441,1,Normal,0,LOW,None
2026-01-02 05:55:00,24.82,27.66,130.4,0.5678,-64.5,89.69,69.75,0.008159,1,Normal,0,LOW,None
2026-01-02 06:00:00,24.82,27.65,130.46,0.5621,-66.14,90.23,69.03,0.027393,1,Normal,0,LOW,None
2026-01-02 06:05:00,25.46,27.75,121.5,0.4771,-66.2,90.44,70.34,0.047646,1,Normal,0,LOW,None
2026-01-02 06:10:00,26.19,27.54,123.77,0.5792,-66.95,89.78,73.95,0.037267,1,Normal,0,LOW,None
2026-01-02 06:15:00,23.71,27.75,126.66,0.5366,-67.23,89.84,69.51,0.0524,1,Normal,0,LOW,None
2026-01-02 06:20:00,24.81,27.66,133.79,0.5962,-68.87,89.64,70.8,0.033537,1,Normal,0,LOW,None
2026-01-02 06:25:00,26.72,27.72,130.04,0.5287,-65.76,89.67,74.27,0.014914,1,Normal,0,LOW,None
2026-01-02 06:30:00,24.02,27.6,128.67,0.5842,-66.33,90.26,69.26,0.036318,1,Normal,0,LOW,None
2026-01-02 06:35:00,23.9,27.8,123.27,0.5748,-67.02,89.41,74.07,0.060796,1,Normal,0,LOW,None
2026-01-02 06:40:00,25.09,27.8,121.38,0.6013,-67.03,89.4,70.55,0.059316,1,Normal,0,LOW,None
2026-01-02 06:45:00,25.82,27.78,127.05,0.5973,-66.21,90.14,74.21,0.03863,1,Normal,0,LOW,None
2026-01-02 06:50:00,24.78,27.58,120.23,0.5851,-68.56,89.82,72.26,0.06629,1,Normal,0,LOW,None
2026-01-02 06:55:00,26.31,27.77,123.02,0.537,-67.66,90.24,71.5,0.045755,1,Normal,0,LOW,None
2026-01-02 07:00:00,25.69,27.74,123.2,0.5424,-68.27,89.44,70.89,0.0542,1,Normal,0,LOW,None
2026-01-02 07:05:00,25.61,27.58,128.89,0.5811,-65.42,89.58,69.91,0.020581,1,Normal,0,LOW,None
2026-01-02 07:10:00,25.2,27.71,121.77,0.6072,-66.38,89.32,71.46,0.055598,1,Normal,0,LOW,None
2026-01-02 07:15:00,27.26,27.75,114.14,0.5862,-76.73,89.53,73.26,0.041001,1,Normal,0,LOW,None
2026-01-02 07:20:00,24.15,27.76,124.08,0.6385,-90.74,88.93,71.61,-0.023053,-1,Anomaly,12,LOW,Communication signal anomaly (signal_strength: -90.74 dBm)
2026-01-02 07:25:00,21.92,27.74,119.49,0.6053,-104.8,89.64,71.18,-0.078373,-1,Anomaly,30,LOW,Communication signal anomaly (signal_strength: -104.8 dBm)
2026-01-02 07:30:00,26.16,27.75,121.68,0.5808,-119.74,89.5,71.5,-0.106307,-1,Anomaly,42,MEDIUM,Communication signal anomaly (signal_strength: -119.74 dBm)
2026-01-02 07:35:00,23.6,27.85,120.8,0.6112,-119.85,89.36,74.18,-0.085942,-1,Anomaly,42,MEDIUM,Communication signal anomaly (signal_strength: -119.85 dBm)
2026-01-02 07:40:00,24.19,27.83,119.7,0.6343,-104.11,89.23,74.85,-0.070201,-1,Anomaly,29,LOW,Communication signal anomaly (signal_strength: -104.11 dBm)
2026-01-02 07:45:00,25.54,27.51,122.95,0.6412,-89.83,89.05,71.28,-0.044355,-1,Anomaly,10,LOW,Communication signal anomaly (signal_strength: -89.83 dBm)
2026-01-02 07:50:00,21.95,27.71,114.33,0.7062,-74.83,89.51,71.49,0.059087,1,Normal,0,LOW,None
2026-01-02 07:55:00,22.27,27.73,117.37,0.6072,-68.61,88.91,73.82,0.081286,1,Normal,0,LOW,None
2026-01-02 08:00:00,21.74,27.61,121.04,0.6338,-67.27,89.39,76.35,0.062685,1,Normal,0,LOW,None
2026-01-02 08:05:00,22.6,27.76,115.94,0.6566,-68.45,89.83,75.83,0.074736,1,Normal,0,LOW,None
2026-01-02 08:10:00,23.96,27.85,111.88,0.6414,-68.44,89.63,71.28,0.070252,1,Normal,0,LOW,None
2026-01-02 08:15:00,23.94,27.67,119.26,0.6251,-67.63,88.7,73.52,0.063756,1,Normal,0,LOW,None
2026-01-02 08:20:00,23.52,27.79,120.24,0.5859,-69.95,88.96,72.45,0.074815,1,Normal,0,LOW,None
2026-01-02 08:25:00,21.37,27.69,115.52,0.6302,-66.81,89.22,74.05,0.066636,1,Normal,0,LOW,None
2026-01-02 08:30:00,20.16,27.72,108.17,0.6104,-68.31,89.05,78.08,0.082234,1,Normal,0,LOW,None
2026-01-02 08:35:00,22.86,27.89,116.84,0.5869,-67.3,88.62,72.31,0.072122,1,Normal,0,LOW,None
2026-01-02 08:40:00,22.09,27.73,107.89,0.6268,-69.75,89.13,72.22,0.08065,1,Normal,0,LOW,None
2026-01-02 08:45:00,23.07,27.82,114.09,0.6194,-69.69,88.98,74.1,0.08143,1,Normal,0,LOW,None
2026-01-02 08:50:00,23.22,27.64,109.19,0.6872,-70.02,89.53,76.64,0.067947,1,Normal,0,LOW,None
2026-01-02 08:55:00,22.39,27.94,107.52,0.6905,-68.7,88.85,77.63,0.074283,1,Normal,0,LOW,None
2026-01-02 09:00:00,22.98,27.84,109.3,0.6328,-68.97,89.25,77.58,0.081986,1,Normal,0,LOW,None
2026-01-02 09:05:00,22.19,27.78,109.46,0.6611,-69.6,88.49,79.39,0.076339,1,Normal,0,LOW,None
2026-01-02 09:10:00,22.39,27.85,107.1,0.5996,-70.24,88.54,73.85,0.083592,1,Normal,0,LOW,None
2026-01-02 09:15:00,20.75,27.69,110.65,0.6567,-70.59,89.03,80.09,0.072785,1,Normal,0,LOW,None
2026-01-02 09:20:00,21.21,27.91,106.26,0.6948,-69.47,89.11,77.44,0.077367,1,Normal,0,LOW,None
2026-01-02 09:25:00,21.5,27.79,110.47,0.7142,-69.99,88.47,79.88,0.070873,1,Normal,0,LOW,None
2026-01-02 09:30:00,22.07,27.8,107.23,0.6551,-70.3,88.74,76.12,0.081392,1,Normal,0,LOW,None
2026-01-02 09:35:00,20.44,27.79,103.01,0.728,-68.17,88.29,79.15,0.069061,1,Normal,0,LOW,None
2026-01-02 09:40:00,21.36,27.78,101.62,0.6276,-69.9,88.62,79.98,0.081873,1,Normal,0,LOW,None
2026-01-02 09:45:00,20.24,27.89,98.08,0.6405,-68.65,88.9,82.19,0.082485,1,Normal,0,LOW,None
2026-01-02 09:50:00,20.23,27.86,104.05,0.7211,-70.55,88.49,77.09,0.07109,1,Normal,0,LOW,None
2026-01-02 09:55:00,21.18,27.9,100.98,0.7617,-69.88,88.52,80.7,0.065352,1,Normal,0,LOW,None
2026-01-02 10:00:00,17.61,27.85,93.1,0.7167,-70.28,88.23,78.86,0.073324,1,Normal,0,LOW,None
2026-01-02 10:05:00,18.25,27.89,98.71,0.6975,-72.03,88.34,82.43,0.082314,1,Normal,0,LOW,None
2026-01-02 10:10:00,17.84,27.83,96.62,0.6134,-69.0,89.04,83.37,0.08236,1,Normal,0,LOW,None
2026-01-02 10:15:00,16.62,28.04,104.47,0.6223,-70.67,88.5,84.79,0.074129,1,Normal,0,LOW,None
2026-01-02 10:20:00,18.41,27.74,92.17,0.7104,-69.89,88.15,81.55,0.07535,1,Normal,0,LOW,None
2026-01-02 10:25:00,19.93,27.97,92.27,0.6929,-71.5,88.33,84.88,0.07567,1,Normal,0,LOW,None
2026-01-02 10:30:00,18.48,27.99,100.39,0.6649,-71.02,87.92,86.16,0.075769,1,Normal,0,LOW,None
2026-01-02 10:35:00,18.86,27.82,100.45,0.7136,-71.82,88.06,80.57,0.074558,1,Normal,0,LOW,None
2026-01-02 10:40:00,19.73,28.07,92.29,0.7174,-69.83,88.75,85.49,0.071156,1,Normal,0,LOW,None
2026-01-02 10:45:00,19.81,27.97,91.89,0.7524,-70.86,88.27,86.6,0.068444,1,Normal,0,LOW,None
2026-01-02 10:50:00,17.92,27.98,95.46,0.7219,-70.91,88.85,84.59,0.075537,1,Normal,0,LOW,None
2026-01-02 10:55:00,19.42,27.91,84.38,0.7673,-70.03,88.23,83.11,0.062163,1,Normal,0,LOW,None
2026-01-02 11:00:00,17.7,27.89,85.23,0.7201,-70.33,88.22,87.85,0.06927,1,Normal,0,LOW,None
2026-01-02 11:05:00,16.37,27.9,90.0,0.7168,-70.83,88.39,83.99,0.074101,1,Normal,0,LOW,None
2026-01-02 11:10:00,16.45,27.95,95.64,0.7656,-73.13,87.37,86.46,0.07193,1,Normal,0,LOW,None
2026-01-02 11:15:00,15.17,28.04,87.95,0.6855,-72.51,88.21,87.17,0.078194,1,Normal,0,LOW,None
2026-01-02 11:20:00,15.67,27.95,89.09,0.8387,-72.93,88.1,89.11,0.058018,1,Normal,0,LOW,None
2026-01-02 11:25:00,16.09,27.86,91.98,0.7426,-71.3,88.53,86.86,0.069498,1,Normal,0,LOW,None
2026-01-02 11:30:00,17.27,28.01,94.67,0.7442,-71.97,88.35,87.18,0.072941,1,Normal,0,LOW,None
2026-01-02 11:35:00,18.15,28.02,84.58,0.7514,-73.63,87.69,89.18,0.069509,1,Normal,0,LOW,None
2026-01-02 11:40:00,14.21,28.01,85.86,0.8068,-72.54,88.38,91.44,0.069146,1,Normal,0,LOW,None
2026-01-02 11:45:00,16.13,28.02,91.63,0.7647,-73.95,87.9,94.43,0.068901,1,Normal,0,LOW,None
2026-01-02 11:50:00,14.19,27.94,79.27,0.67,-72.62,87.68,87.28,0.069712,1,Normal,0,LOW,None
2026-01-02 11:55:00,15.79,27.9,87.56,0.7916,-74.33,87.98,91.36,0.066215,1,Normal,0,LOW,None
2026-01-02 12:00:00,14.84,27.91,79.78,0.723,-72.25,87.83,88.99,0.068787,1,Normal,0,LOW,None
2026-01-02 12:05:00,12.58,27.85,83.1,0.742,-72.51,88.33,93.64,0.076708,1,Normal,0,LOW,None
2026-01-02 12:10:00,15.68,28.01,81.31,0.6876,-71.09,87.94,90.16,0.067603,1,Normal,0,LOW,None
2026-01-02 12:15:00,13.62,27.99,78.24,0.7608,-72.25,87.87,91.12,0.072215,1,Normal,0,LOW,None
2026-01-02 12:20:00,13.49,27.97,77.61,0.7147,-73.63,88.05,91.72,0.073283,1,Normal,0,LOW,None
2026-01-02 12:25:00,12.63,27.77,81.5,0.7457,-72.49,88.08,93.18,0.072546,1,Normal,0,LOW,None
2026-01-02 12:30:00,12.91,27.91,83.51,0.7312,-74.81,87.96,94.41,0.074253,1,Normal,0,LOW,None
2026-01-02 12:35:00,13.99,28.11,79.09,0.8204,-74.48,88.12,95.16,0.054664,1,Normal,0,LOW,None
2026-01-02 12:40:00,13.04,27.97,79.33,0.8234,-73.29,87.85,94.61,0.066522,1,Normal,0,LOW,None
2026-01-02 12:45:00,13.44,28.06,80.65,0.7467,-75.89,87.69,92.38,0.073374,1,Normal,0,LOW,None
2026-01-02 12:50:00,13.27,27.93,74.83,0.7481,-73.87,87.98,96.92,0.066308,1,Normal,0,LOW,None
2026-01-02 12:55:00,14.21,28.16,80.43,0.7313,-74.95,87.56,95.77,0.064472,1,Normal,0,LOW,None
2026-01-02 13:00:00,12.0,28.04,80.34,0.791,-73.93,87.57,98.62,0.0674,1,Normal,0,LOW,None
2026-01-02 13:05:00,10.43,27.13,86.25,0.7342,-75.21,88.04,95.29,0.039524,1,Normal,0,LOW,None
2026-01-02 13:10:00,13.27,25.33,75.5,0.731,-73.81,87.99,93.91,-0.019723,-1,Anomaly,22,LOW,Battery voltage anomaly (battery_voltage: 25.33 V)
2026-01-02 13:15:00,11.39,23.36,74.92,0.7874,-74.32,87.47,97.46,-0.075521,-1,Anomaly,48,MEDIUM,Battery voltage anomaly (battery_voltage: 23.36 V)
2026-01-02 13:20:00,12.92,21.41,78.94,0.7271,-73.03,87.31,100.52,-0.094191,-1,Anomaly,73,HIGH,Battery voltage anomaly (battery_voltage: 21.41 V)
2026-01-02 13:25:00,11.84,21.41,78.88,0.7475,-74.53,87.85,98.65,-0.100672,-1,Anomaly,73,HIGH,Battery voltage anomaly (battery_voltage: 21.41 V)
2026-01-02 13:30:00,11.02,23.31,73.92,0.686,-75.4,87.63,98.32,-0.077112,-1,Anomaly,48,MEDIUM,Battery voltage anomaly (battery_voltage: 23.31 V)
2026-01-02 13:35:00,11.39,25.26,74.19,0.7777,-74.97,87.45,97.37,-0.022818,-1,Anomaly,23,LOW,Battery voltage anomaly (battery_voltage: 25.26 V)
2026-01-02 13:40:00,13.12,27.14,77.33,0.8273,-76.17,87.23,103.01,0.019963,1,Normal,0,LOW,None
2026-01-02 13:45:00,13.07,28.07,72.4,0.7787,-74.51,87.4,97.82,0.061356,1,Normal,0,LOW,None
2026-01-02 13:50:00,10.47,28.23,73.75,0.8084,-74.42,87.27,98.8,0.058251,1,Normal,0,LOW,None
2026-01-02 13:55:00,10.38,28.11,75.41,0.7162,-72.63,87.05,101.77,0.062629,1,Normal,0,LOW,None
2026-01-02 14:00:00,11.29,28.31,78.53,0.7594,-75.82,87.26,97.28,0.070456,1,Normal,0,LOW,None
2026-01-02 14:05:00,8.8,28.14,72.89,0.7122,-75.55,87.27,103.91,0.062343,1,Normal,0,LOW,None
2026-01-02 14:10:00,10.03,28.28,68.55,0.7407,-75.95,87.05,102.96,0.048804,1,Normal,0,LOW,None
2026-01-02 14:15:00,9.41,28.17,68.31,0.7806,-75.25,87.41,103.86,0.044579,1,Normal,0,LOW,None
2026-01-02 14:20:00,9.64,28.23,70.66,0.7536,-75.17,87.49,103.52,0.049818,1,Normal,0,LOW,None
2026-01-02 14:25:00,8.09,28.1,70.55,0.6927,-75.69,87.37,102.43,0.057997,1,Normal,0,LOW,None
2026-01-02 14:30:00,7.0,28.1,74.7,0.6963,-74.64,86.97,100.95,0.058244,1,Normal,0,LOW,None
2026-01-02 14:35:00,6.25,28.21,71.21,0.6933,-76.42,87.25,103.13,0.055688,1,Normal,0,LOW,None
2026-01-02 14:40:00,7.23,28.26,73.07,0.7679,-74.9,87.02,101.78,0.053975,1,Normal,0,LOW,None
2026-01-02 14:45:00,7.86,28.19,73.0,0.8303,-75.43,86.6,105.01,0.044884,1,Normal,0,LOW,None
2026-01-02 14:50:00,7.89,28.09,74.37,0.8018,-76.06,87.14,105.96,0.054905,1,Normal,0,LOW,None
2026-01-02 14:55:00,10.41,28.09,80.77,0.6709,-76.44,86.95,107.6,0.063363,1,Normal,0,LOW,None
2026-01-02 15:00:00,9.26,28.09,78.72,0.803,-73.78,87.66,105.69,0.053509,1,Normal,0,LOW,None
2026-01-02 15:05:00,6.62,28.07,76.74,0.7829,-77.1,87.29,107.08,0.058888,1,Normal,0,LOW,None
2026-01-02 15:10:00,8.04,28.23,75.38,0.683,-76.06,87.04,104.91,0.066684,1,Normal,0,LOW,None
2026-01-02 15:15:00,6.99,28.31,75.81,0.7319,-77.18,86.87,104.82,0.063078,1,Normal,0,LOW,None
2026-01-02 15:20:00,7.0,28.23,78.83,0.7871,-74.72,86.82,106.99,0.060756,1,Normal,0,LOW,None
2026-01-02 15:25:00,7.42,28.06,80.11,0.7645,-75.69,86.44,105.53,0.070466,1,Normal,0,LOW,None
2026-01-02 15:30:00,7.81,28.23,75.29,0.6892,-77.32,86.19,107.09,0.059595,1,Normal,0,LOW,None
2026-01-02 15:35:00,6.53,28.24,79.02,0.7651,-76.2,86.42,104.67,0.069188,1,Normal,0,LOW,None
2026-01-02 15:40:00,8.09,28.42,72.23,0.6542,-76.52,86.64,105.26,0.052367,1,Normal,0,LOW,None
2026-01-02 15:45:00,5.31,28.15,80.56,0.7297,-77.36,86.0,108.52,0.056764,1,Normal,0,LOW,None
2026-01-02 15:50:00,6.57,28.24,82.98,0.7831,-76.14,86.44,109.24,0.058871,1,Normal,0,LOW,None
2026-01-02 15:55:00,9.57,28.41,79.84,0.7372,-76.57,86.5,105.7,0.062475,1,Normal,0,LOW,None
2026-01-02 16:00:00,6.61,28.32,87.72,0.7153,-76.81,86.48,109.22,0.065369,1,Normal,0,LOW,None
2026-01-02 16:05:00,7.95,28.33,78.83,0.7697,-77.12,86.32,107.0,0.060343,1,Normal,0,LOW,None
2026-01-02 16:10:00,6.24,28.3,83.25,0.7718,-76.71,86.39,108.28,0.062243,1,Normal,0,LOW,None
2026-01-02 16:15:00,6.73,28.33,82.95,0.7839,-76.96,86.98,111.26,0.045013,1,Normal,0,LOW,None
2026-01-02 16:20:00,5.87,28.37,83.34,0.7652,-77.19,86.63,110.2,0.048786,1,Normal,0,LOW,None
2026-01-02 16:25:00,5.64,28.25,83.92,0.7721,-77.94,86.24,110.34,0.044062,1,Normal,0,LOW,None
2026-01-02 16:30:00,4.83,28.39,85.34,0.7567,-75.65,86.36,112.71,0.033517,1,Normal,0,LOW,None
2026-01-02 16:35:00,6.2,28.22,88.59,0.7365,-78.45,86.34,107.62,0.059379,1,Normal,0,LOW,None
2026-01-02 16:40:00,4.58,28.36,91.13,0.728,-77.01,86.09,107.19,0.061727,1,Normal,0,LOW,None
2026-01-02 16:45:00,6.33,28.35,86.99,0.7134,-77.81,86.06,107.84,0.064857,1,Normal,0,LOW,None
2026-01-02 16:50:00,6.77,28.3,90.55,0.6727,-75.77,86.57,108.88,0.071187,1,Normal,0,LOW,None
2026-01-02 16:55:00,5.84,28.35,85.96,0.6814,-78.47,86.11,104.79,0.059339,1,Normal,0,LOW,None
2026-01-02 17:00:00,5.0,28.31,91.83,0.7066,-78.34,85.88,109.17,0.052021,1,Normal,0,LOW,None
2026-01-02 17:05:00,5.83,28.28,87.23,0.7258,-78.62,86.17,108.58,0.052874,1,Normal,0,LOW,None
2026-01-02 17:10:00,4.87,28.34,94.46,0.772,-77.36,86.19,111.31,0.041431,1,Normal,0,LOW,None
2026-01-02 17:15:00,6.31,28.29,99.15,0.7109,-79.09,85.53,110.51,0.040827,1,Normal,0,LOW,None
2026-01-02 17:20:00,2.95,28.41,91.76,0.7509,-78.23,86.09,108.66,0.028965,1,Normal,0,LOW,None
2026-01-02 17:25:00,4.71,28.3,85.29,0.752,-79.93,86.33,111.09,0.022806,1,Normal,0,LOW,None
2026-01-02 17:30:00,2.7,28.45,91.84,0.6977,-77.56,86.18,111.39,0.021253,1,Normal,0,LOW,None
2026-01-02 17:35:00,3.27,28.31,98.86,0.7288,-78.33,86.68,108.44,0.03629,1,Normal,0,LOW,None
2026-01-02 17:40:00,6.67,28.37,97.29,0.6932,-79.34,86.36,109.01,0.045465,1,Normal,0,LOW,None
2026-01-02 17:45:00,6.1,28.37,97.03,0.7538,-76.79,86.39,105.55,0.064358,1,Normal,0,LOW,None
2026-01-02 17:50:00,4.15,28.53,100.5,0.7243,-79.21,86.77,107.82,0.028564,1,Normal,0,LOW,None
2026-01-02 17:55:00,3.2,28.46,99.48,0.6491,-77.12,86.13,108.5,0.050528,1,Normal,0,LOW,None
2026-01-02 18:00:00,1.44,28.42,102.86,0.701,-78.64,85.92,110.11,0.018836,1,Normal,0,LOW,None
2026-01-02 18:05:00,4.35,28.48,102.63,0.7583,-76.35,86.14,108.04,0.049442,1,Normal,0,LOW,None
2026-01-02 18:10:00,7.91,28.28,105.56,0.6829,-77.21,85.65,108.87,0.066043,1,Normal,0,LOW,None
2026-01-02 18:15:00,5.54,28.45,102.3,0.7058,-78.98,85.82,107.4,0.04458,1,Normal,0,LOW,None
2026-01-02 18:20:00,4.37,28.62,105.03,0.7074,-78.9,85.57,110.13,0.014442,1,Normal,0,LOW,None
2026-01-02 18:25:00,5.62,28.48,101.61,0.6418,-77.38,85.85,110.57,0.054593,1,Normal,0,LOW,None
2026-01-02 18:30:00,3.21,28.48,101.39,0.7014,-78.26,85.51,110.45,0.023962,1,Normal,0,LOW,None
2026-01-02 18:35:00,4.76,28.52,110.27,0.6228,-78.17,85.47,109.58,0.050256,1,Normal,0,LOW,None
2026-01-02 18:40:00,5.27,28.56,105.86,0.6511,-76.73,85.77,106.38,0.06234,1,Normal,0,LOW,None
2026-01-02 18:45:00,5.09,28.33,108.72,0.7167,-78.75,85.58,108.11,0.04782,1,Normal,0,LOW,None
2026-01-02 18:50:00,6.19,28.36,107.13,0.6854,-77.91,85.02,108.43,0.061794,1,Normal,0,LOW,None
2026-01-02 18:55:00,5.7,28.52,105.43,0.6565,-77.04,85.13,108.31,0.066422,1,Normal,0,LOW,None
2026-01-02 19:00:00,6.14,28.45,108.29,0.684,-77.18,85.19,109.13,0.064094,1,Normal,0,LOW,None
2026-01-02 19:05:00,4.57,28.62,114.05,0.6611,-78.14,85.24,111.69,0.024888,1,Normal,0,LOW,None
2026-01-02 19:10:00,6.54,28.5,111.72,0.6615,-78.26,85.61,110.31,0.050619,1,Normal,0,LOW,None
2026-01-02 19:15:00,7.49,28.37,104.54,0.6846,-79.69,85.52,106.56,0.050942,1,Normal,0,LOW,None
2026-01-02 19:20:00,4.44,28.43,110.51,0.6266,-79.0,85.75,109.72,0.043968,1,Normal,0,LOW,None
2026-01-02 19:25:00,4.61,28.32,118.23,0.6546,-77.61,85.62,109.47,0.050382,1,Normal,0,LOW,None
2026-01-02 19:30:00,7.36,28.52,111.95,0.6378,-78.05,85.69,106.39,0.064442,1,Normal,0,LOW,None
2026-01-02 19:35:00,5.62,28.53,107.1,0.5841,-77.81,85.52,109.5,0.050825,1,Normal,0,LOW,None
2026-01-02 19:40:00,7.62,28.52,120.71,0.608,-76.83,85.38,107.28,0.067303,1,Normal,0,LOW,None
2026-01-02 19:45:00,5.5,28.65,117.14,0.7047,-79.03,85.62,104.57,0.029074,1,Normal,0,LOW,None
2026-01-02 19:50:00,7.88,28.66,115.16,0.6546,-78.05,85.53,108.08,0.049562,1,Normal,0,LOW,None
2026-01-02 19:55:00,6.39,28.56,114.74,0.5835,-77.6,85.34,107.38,0.059297,1,Normal,0,LOW,None
2026-01-02 20:00:00,6.65,28.41,120.45,0.5719,-78.47,85.58,106.25,0.058821,1,Normal,0,LOW,None
2026-01-02 20:05:00,8.33,28.63,115.36,0.6262,-76.3,84.47,106.39,0.068537,1,Normal,0,LOW,None
2026-01-02 20:10:00,6.13,28.63,121.86,0.6902,-76.79,85.06,104.77,0.050955,1,Normal,0,LOW,None
2026-01-02 20:15:00,5.56,28.62,120.3,0.6174,-77.37,85.03,107.17,0.053308,1,Normal,0,LOW,None
2026-01-02 20:20:00,6.27,28.68,119.8,0.6743,-75.83,85.43,105.6,0.056118,1,Normal,0,LOW,None
2026-01-02 20:25:00,7.48,28.51,119.98,0.6331,-79.09,85.53,105.74,0.052302,1,Normal,0,LOW,None
2026-01-02 20:30:00,5.19,28.77,119.36,0.6349,-77.56,84.6,105.84,0.038975,1,Normal,0,LOW,None
2026-01-02 20:35:00,7.97,28.54,124.11,0.5597,-77.14,85.43,102.53,0.057673,1,Normal,0,LOW,None
2026-01-02 20:40:00,6.69,28.68,117.89,0.6476,-78.38,84.63,102.76,0.055871,1,Normal,0,LOW,None
2026-01-02 20:45:00,8.86,28.49,115.67,0.5937,-77.12,84.61,99.82,0.073814,1,Normal,0,LOW,None
2026-01-02 20:50:00,4.75,28.56,123.92,0.6386,-78.48,84.85,105.06,0.033992,1,Normal,0,LOW,None
2026-01-02 20:55:00,6.83,28.76,124.37,0.5685,-76.63,84.8,101.19,0.051198,1,Normal,0,LOW,None
2026-01-02 21:00:00,5.91,28.62,124.2,0.6051,-76.21,84.4,103.56,0.052286,1,Normal,0,LOW,None
2026-01-02 21:05:00,7.09,28.71,124.29,0.609,-76.95,85.03,103.71,0.054876,1,Normal,0,LOW,None
2026-01-02 21:10:00,8.54,28.67,122.06,0.5857,-79.02,85.01,103.83,0.040783,1,Normal,0,LOW,None
2026-01-02 21:15:00,8.19,28.65,126.23,0.605,-78.07,85.1,99.88,0.039888,1,Normal,0,LOW,None
2026-01-02 21:20:00,8.27,28.77,123.59,0.5751,-76.49,84.62,101.81,0.051847,1,Normal,0,LOW,None
2026-01-02 21:25:00,8.55,28.65,122.28,0.5567,-76.97,84.71,104.93,0.056546,1,Normal,0,LOW,None
2026-01-02 21:30:00,9.16,28.53,123.12,0.6438,-79.62,84.69,104.66,0.036134,1,Normal,0,LOW,None
2026-01-02 21:35:00,7.88,28.61,131.47,0.6184,-75.63,85.18,102.84,0.037385,1,Normal,0,LOW,None
2026-01-02 21:40:00,10.11,28.72,118.49,0.5429,-76.67,83.79,101.17,0.061024,1,Normal,0,LOW,None
2026-01-02 21:45:00,10.24,28.71,126.45,0.5929,-77.56,84.33,98.11,0.04752,1,Normal,0,LOW,None
2026-01-02 21:50:00,10.09,28.56,118.94,0.5374,-75.68,84.59,101.18,0.069205,1,Normal,0,LOW,None
2026-01-02 21:55:00,10.48,28.63,124.52,0.5165,-77.28,84.23,99.04,0.059921,1,Normal,0,LOW,None
2026-01-02 22:00:00,10.36,28.65,123.44,0.6021,-77.22,84.45,100.09,0.06583,1,Normal,0,LOW,None
2026-01-02 22:05:00,12.63,28.67,117.7,0.4895,-76.11,84.46,97.31,0.072732,1,Normal,0,LOW,None
2026-01-02 22:10:00,10.28,28.59,126.36,0.5916,-74.61,84.28,97.84,0.054214,1,Normal,0,LOW,None
2026-01-02 22:15:00,10.21,28.66,123.65,0.5413,-74.69,84.46,98.11,0.059459,1,Normal,0,LOW,None
2026-01-02 22:20:00,9.87,28.65,117.58,0.5398,-75.88,84.6,97.87,0.072696,1,Normal,0,LOW,None
2026-01-02 22:25:00,9.73,28.78,127.79,0.5615,-75.7,84.32,97.96,0.044744,1,Normal,0,LOW,None
2026-01-02 22:30:00,9.68,28.79,129.78,0.5652,-75.29,84.22,95.4,0.034007,1,Normal,0,LOW,None
2026-01-02 22:35:00,10.31,28.71,129.84,0.5058,-77.26,84.28,93.46,0.040219,1,Normal,0,LOW,None
2026-01-02 22:40:00,11.49,28.7,125.73,0.5644,-75.28,84.3,98.98,0.059488,1,Normal,0,LOW,None
2026-01-02 22:45:00,12.19,28.74,124.45,0.5371,-76.58,83.75,100.29,0.054572,1,Normal,0,LOW,None
2026-01-02 22:50:00,12.05,28.67,128.74,0.4792,-75.44,84.39,95.79,0.050544,1,Normal,0,LOW,None
2026-01-02 22:55:00,11.28,28.65,129.74,0.5195,-75.9,84.08,91.82,0.041962,1,Normal,0,LOW,None
2026-01-02 23:00:00,13.49,28.67,127.57,0.5784,-75.09,84.57,92.49,0.055488,1,Normal,0,LOW,None
2026-01-02 23:05:00,13.51,28.7,120.02,0.5871,-75.39,84.34,94.63,0.077003,1,Normal,0,LOW,None
2026-01-02 23:10:00,12.64,28.66,123.71,0.5457,-78.49,84.49,95.86,0.055346,1,Normal,0,LOW,None
2026-01-02 23:15:00,12.27,28.77,124.21,0.4663,-75.15,83.8,90.32,0.048979,1,Normal,0,LOW,None
2026-01-02 23:20:00,13.92,28.82,115.98,0.5304,-74.59,83.97,92.07,0.066275,1,Normal,0,LOW,None
2026-01-02 23:25:00,13.7,28.64,123.58,0.5417,-74.7,83.68,92.28,0.059369,1,Normal,0,LOW,None
2026-01-02 23:30:00,11.96,28.77,129.49,0.5337,-75.16,83.81,93.18,0.041109,1,Normal,0,LOW,None
2026-01-02 23:35:00,13.83,28.75,123.35,0.533,-73.32,84.37,90.33,0.060138,1,Normal,0,LOW,None
2026-01-02 23:40:00,14.44,28.8,125.81,0.5131,-74.55,84.41,87.45,0.046619,1,Normal,0,LOW,None
2026-01-02 23:45:00,13.27,28.77,120.83,0.4926,-74.33,83.6,91.38,0.058481,1,Normal,0,LOW,None
2026-01-02 23:50:00,14.79,28.66,119.44,0.4682,-73.63,83.77,91.95,0.066894,1,Normal,0,LOW,None
2026-01-02 23:55:00,13.04,28.68,120.51,0.4136,-74.21,83.86,89.1,0.055757,1,Normal,0,LOW,None
2026-01-03 00:00:00,16.6,28.79,115.79,0.5001,-75.38,84.03,89.64,0.061563,1,Normal,0,LOW,None
2026-01-03 00:05:00,16.72,28.87,114.71,0.491,-76.82,83.3,87.45,0.044097,1,Normal,0,LOW,None
2026-01-03 00:10:00,15.13,28.61,121.95,0.5029,-74.76,83.32,86.27,0.054121,1,Normal,0,LOW,None
2026-01-03 00:15:00,16.09,28.82,121.72,0.4242,-73.42,83.92,89.58,0.049403,1,Normal,0,LOW,None
2026-01-03 00:20:00,12.98,28.89,112.84,0.5005,-74.43,83.16,87.87,0.049143,1,Normal,0,LOW,None
2026-01-03 00:25:00,14.7,28.79,119.07,0.554,-73.18,83.58,87.65,0.062424,1,Normal,0,LOW,None
2026-01-03 00:30:00,15.95,28.85,114.73,0.4721,-73.73,83.74,89.24,0.053433,1,Normal,0,LOW,None
2026-01-03 00:35:00,15.23,28.75,115.56,0.4636,-72.49,83.78,83.7,0.067563,1,Normal,0,LOW,None
2026-01-03 00:40:00,17.59,28.8,115.31,0.4756,-73.97,83.59,84.28,0.064358,1,Normal,0,LOW,None
2026-01-03 00:45:00,19.35,28.68,116.48,0.5417,-73.1,83.49,85.28,0.071897,1,Normal,0,LOW,None
2026-01-03 00:50:00,15.75,28.62,112.59,0.4167,-72.96,83.83,83.41,0.069676,1,Normal,0,LOW,None
2026-01-03 00:55:00,16.37,28.89,116.52,0.463,-71.86,83.63,85.69,0.056901,1,Normal,0,LOW,None
2026-01-03 01:00:00,17.87,28.74,111.93,0.4201,-74.96,83.33,83.33,0.060855,1,Normal,0,LOW,None
2026-01-03 01:05:00,19.73,28.78,112.29,0.4275,-73.61,83.5,81.31,0.066702,1,Normal,0,LOW,None
2026-01-03 01:10:00,16.54,28.71,106.44,0.4447,-72.19,83.58,83.01,0.07508,1,Normal,0,LOW,None
2026-01-03 01:15:00,18.51,28.71,116.14,0.4979,-71.39,83.95,82.82,0.077298,1,Normal,0,LOW,None
2026-01-03 01:20:00,20.61,28.81,109.46,0.5134,-72.59,83.64,83.94,0.072366,1,Normal,0,LOW,None
2026-01-03 01:25:00,16.64,28.77,109.53,0.4566,-73.02,83.74,82.46,0.072459,1,Normal,0,LOW,None
2026-01-03 01:30:00,17.29,28.86,100.62,0.4211,-71.86,83.17,82.2,0.066015,1,Normal,0,LOW,None
2026-01-03 01:35:00,18.52,28.87,102.57,0.5333,-71.64,83.17,81.53,0.065467,1,Normal,0,LOW,None
2026-01-03 01:40:00,18.6,28.86,108.98,0.4139,-72.76,83.22,80.13,0.059187,1,Normal,0,LOW,None
2026-01-03 01:45:00,20.4,28.85,104.85,0.4057,-71.96,83.22,78.69,0.06864,1,Normal,0,LOW,None
2026-01-03 01:50:00,19.91,28.96,96.34,0.355,-71.01,82.94,80.32,0.051133,1,Normal,0,LOW,None
2026-01-03 01:55:00,17.68,28.75,105.85,0.4794,-70.19,83.59,78.71,0.074823,1,Normal,0,LOW,None
2026-01-03 02:00:00,20.62,28.83,99.5,0.4599,-71.23,83.45,82.39,0.074405,1,Normal,0,LOW,None
2026-01-03 02:05:00,19.49,28.93,105.53,0.5155,-71.82,83.06,81.33,0.067619,1,Normal,0,LOW,None
2026-01-03 02:10:00,21.9,28.94,99.46,0.3608,-71.81,83.32,79.55,0.052189,1,Normal,0,LOW,None
2026-01-03 02:15:00,19.8,28.73,99.67,0.4724,-71.09,83.17,78.69,0.07604,1,Normal,0,LOW,None
2026-01-03 02:20:00,19.97,28.82,102.26,0.4146,-71.66,83.29,77.42,0.073275,1,Normal,0,LOW,None
2026-01-03 02:25:00,21.56,28.95,94.18,0.4418,-71.24,82.64,74.73,0.060946,1,Normal,0,LOW,None
2026-01-03 02:30:00,22.0,28.88,93.03,0.3414,-72.38,82.97,76.49,0.051451,1,Normal,0,LOW,None
2026-01-03 02:35:00,21.8,28.86,95.01,0.4639,-69.92,82.97,76.8,0.069667,1,Normal,0,LOW,None
2026-01-03 02:40:00,19.41,28.83,97.79,0.4345,-72.25,83.15,76.73,0.069459,1,Normal,0,LOW,None
2026-01-03 02:45:00,22.24,28.82,89.44,0.3993,-71.44,82.74,76.9,0.068478,1,Normal,0,LOW,None
2026-01-03 02:50:00,20.51,28.87,87.47,0.4246,-70.8,82.15,77.49,0.064398,1,Normal,0,LOW,None
2026-01-03 02:55:00,22.2,28.83,95.4,0.3662,-68.8,82.55,73.97,0.068827,1,Normal,0,LOW,None
2026-01-03 03:00:00,20.36,28.84,89.63,0.3716,-71.11,82.83,73.69,0.067664,1,Normal,0,LOW,None
2026-01-03 03:05:00,22.76,28.85,89.6,0.3743,-71.25,82.84,77.67,0.062793,1,Normal,0,LOW,None
2026-01-03 03:10:00,21.4,28.79,83.72,0.3168,-71.03,83.3,76.03,0.055876,1,Normal,0,LOW,None
2026-01-03 03:15:00,20.98,28.89,87.1,0.4235,-68.72,82.94,73.44,0.067792,1,Normal,0,LOW,None
2026-01-03 03:20:00,23.52,29.08,88.71,0.4348,-73.08,82.76,73.74,0.042778,1,Normal,0,LOW,None
2026-01-03 03:25:00,23.09,28.71,91.27,0.3573,-71.17,82.7,73.49,0.062281,1,Normal,0,LOW,None
2026-01-03 03:30:00,22.2,28.88,84.6,0.3975,-67.34,83.01,73.51,0.061725,1,Normal,0,LOW,None
2026-01-03 03:35:00,24.81,28.79,92.4,0.3713,-69.37,82.47,74.15,0.060041,1,Normal,0,LOW,None
2026-01-03 03:40:00,22.66,28.9,83.52,0.3933,-70.97,82.58,78.05,0.059869,1,Normal,0,LOW,None
2026-01-03 03:45:00,23.35,28.85,82.86,0.3535,-69.81,82.27,73.13,0.067704,1,Normal,0,LOW,None
2026-01-03 03:50:00,23.76,28.91,89.98,0.3416,-69.6,82.99,73.86,0.051567,1,Normal,0,LOW,None
2026-01-03 03:55:00,22.81,28.94,84.7,0.4175,-68.72,82.66,68.95,0.052071,1,Normal,0,LOW,None
2026-01-03 04:00:00,24.23,28.86,81.41,0.3713,-67.63,82.3,71.16,0.05711,1,Normal,0,LOW,None
2026-01-03 04:05:00,23.13,28.94,82.2,0.4533,-68.98,82.45,74.39,0.060053,1,Normal,0,LOW,None
2026-01-03 04:10:00,23.38,28.66,86.9,0.3729,-69.81,82.61,72.56,0.068692,1,Normal,0,LOW,None
2026-01-03 04:15:00,25.6,28.98,86.73,0.3326,-68.39,82.35,62.8,-0.00227,-1,Anomaly,0,LOW,None
2026-01-03 04:20:00,22.81,28.88,78.19,0.4174,-69.78,82.24,72.76,0.065016,1,Normal,0,LOW,None
2026-01-03 04:25:00,21.26,28.93,80.38,0.3922,-70.02,82.17,75.09,0.056664,1,Normal,0,LOW,None
2026-01-03 04:30:00,26.17,28.75,80.34,0.3948,-70.66,82.44,67.12,0.026778,1,Normal,0,LOW,None
2026-01-03 04:35:00,27.38,28.78,76.09,0.4122,-70.37,82.21,74.01,0.03197,1,Normal,0,LOW,None
2026-01-03 04:40:00,23.91,28.86,78.89,0.3373,-69.61,82.15,65.29,0.025326,1,Normal,0,LOW,None
2026-01-03 04:45:00,22.15,28.84,78.67,0.3572,-69.8,81.86,72.59,0.063673,1,Normal,0,LOW,None
2026-01-03 04:50:00,24.16,28.86,82.23,0.3544,-68.22,82.25,70.59,0.057714,1,Normal,0,LOW,None
2026-01-03 04:55:00,24.26,28.93,82.07,0.3086,-69.65,82.15,65.81,0.01406,1,Normal,0,LOW,None
2026-01-03 05:00:00,24.43,28.7,76.32,0.3487,-71.51,82.08,71.3,0.045393,1,Normal,0,LOW,None
2026-01-03 05:05:00,23.38,28.92,76.39,0.4118,-69.32,82.21,72.63,0.057968,1,Normal,0,LOW,None
2026-01-03 05:10:00,25.46,28.84,79.14,0.3669,-68.67,82.34,70.98,0.056523,1,Normal,0,LOW,None
2026-01-03 05:15:00,25.44,28.82,74.47,0.3028,-68.72,82.3,71.36,0.037983,1,Normal,0,LOW,None
2026-01-03 05:20:00,23.05,28.72,78.31,0.2936,-66.51,82.23,69.31,0.031155,1,Normal,0,LOW,None
2026-01-03 05:25:00,25.72,28.87,75.7,0.4217,-68.56,81.96,66.37,0.024939,1,Normal,0,LOW,None
2026-01-03 05:30:00,27.38,28.64,72.4,0.3508,-66.99,81.84,71.44,0.016336,1,Normal,0,LOW,None
2026-01-03 05:35:00,25.15,28.88,72.25,0.3279,-67.81,81.66,73.53,0.032587,1,Normal,0,LOW,None
2026-01-03 05:40:00,24.56,28.71,80.5,0.3423,-67.76,81.77,72.27,0.05556,1,Normal,0,LOW,None
2026-01-03 05:45:00,24.81,28.83,74.75,0.2936,-68.48,81.93,66.02,0.01797,1,Normal,0,LOW,None
2026-01-03 05:50:00,25.73,28.81,80.93,0.4091,-67.63,81.66,66.97,0.036043,1,Normal,0,LOW,None
2026-01-03 05:55:00,22.92,28.92,73.3,0.336,-68.26,81.89,68.32,0.031423,1,Normal,0,LOW,None
2026-01-03 06:00:00,25.2,28.81,76.06,0.4061,-67.26,81.55,66.85,0.037115,1,Normal,0,LOW,None
2026-01-03 06:05:00,24.53,28.76,83.38,0.3531,-67.59,81.31,70.15,0.056293,1,Normal,0,LOW,None
2026-01-03 06:10:00,27.21,28.78,71.3,0.4079,-68.24,82.03,70.89,0.03187,1,Normal,0,LOW,None
2026-01-03 06:15:00,24.77,28.92,68.38,0.3608,-66.23,81.61,67.29,-0.001601,-1,Anomaly,0,LOW,None
2026-01-03 06:20:00,26.96,28.85,79.57,0.3844,-66.73,81.47,71.77,0.029758,1,Normal,0,LOW,None
2026-01-03 06:25:00,23.62,28.78,72.25,0.3789,-67.55,81.37,71.48,0.053665,1,Normal,0,LOW,None
2026-01-03 06:30:00,25.62,28.79,75.17,0.375,-66.89,81.8,69.26,0.040767,1,Normal,0,LOW,None
2026-01-03 06:35:00,25.27,28.68,73.32,0.3639,-67.06,82.05,70.1,0.037945,1,Normal,0,LOW,None
2026-01-03 06:40:00,23.81,28.83,76.47,0.3407,-67.79,81.49,66.64,0.033227,1,Normal,0,LOW,None
2026-01-03 06:45:00,25.02,28.66,72.38,0.4267,-66.79,81.52,69.98,0.03562,1,Normal,0,LOW,None
2026-01-03 06:50:00,26.22,28.86,75.28,0.3139,-67.43,81.88,70.77,0.021886,1,Normal,0,LOW,None
2026-01-03 06:55:00,24.32,28.8,77.72,0.3505,-67.7,80.99,71.22,0.05736,1,Normal,0,LOW,None
2026-01-03 07:00:00,22.63,28.98,72.87,0.3511,-68.33,82.09,71.77,0.041961,1,Normal,0,LOW,None
2026-01-03 07:05:00,24.58,28.7,74.23,0.3669,-67.01,82.21,71.65,0.050874,1,Normal,0,LOW,None
2026-01-03 07:10:00,23.45,28.78,75.78,0.3339,-66.04,80.63,70.78,0.031331,1,Normal,0,LOW,None
2026-01-03 07:15:00,24.06,28.93,72.32,0.364,-67.25,81.39,72.04,0.036268,1,Normal,0,LOW,None
2026-01-03 07:20:00,24.3,28.87,76.2,0.3451,-63.99,81.17,73.64,0.01468,1,Normal,0,LOW,None
2026-01-03 07:25:00,22.27,28.72,78.48,0.289,-65.59,81.28,71.62,0.024232,1,Normal,0,LOW,None
2026-01-03 07:30:00,22.3,28.79,77.07,0.3531,-65.13,81.21,72.64,0.037755,1,Normal,0,LOW,None
2026-01-03 07:35:00,24.73,28.77,77.94,0.3093,-65.6,81.55,71.82,0.027975,1,Normal,0,LOW,None
2026-01-03 07:40:00,23.44,28.79,79.27,0.2845,-64.5,81.24,71.1,0.003448,1,Normal,0,LOW,None
2026-01-03 07:45:00,20.89,28.71,77.52,0.36,-67.11,80.98,73.66,0.057206,1,Normal,0,LOW,None
2026-01-03 07:50:00,24.81,28.75,82.73,0.3747,-68.85,81.17,71.72,0.063347,1,Normal,0,LOW,None
2026-01-03 07:55:00,24.09,28.63,85.85,0.377,-66.7,81.35,73.83,0.056153,1,Normal,0,LOW,None
2026-01-03 08:00:00,22.8,28.76,79.73,0.3794,-65.66,80.81,73.35,0.04647,1,Normal,0,LOW,None
2026-01-03 08:05:00,21.97,28.79,83.61,0.2803,-66.04,80.64,72.93,0.027025,1,Normal,0,LOW,None
2026-01-03 08:10:00,24.44,28.73,81.65,0.304,-65.89,81.71,73.13,0.033628,1,Normal,0,LOW,None
2026-01-03 08:15:00,23.73,28.61,84.36,0.4383,-64.82,80.89,73.03,0.037885,1,Normal,0,LOW,None
2026-01-03 08:20:00,26.05,28.82,89.17,0.3185,-65.74,81.01,71.02,0.015201,1,Normal,0,LOW,None
2026-01-03 08:25:00,23.57,28.76,86.1,0.3858,-65.3,80.91,75.35,0.042333,1,Normal,0,LOW,None
2026-01-03 08:30:00,23.4,28.67,78.76,0.335,-67.02,81.16,75.33,0.051345,1,Normal,0,LOW,None
2026-01-03 08:35:00,22.6,28.7,87.22,0.3667,-67.16,81.5,76.86,0.065198,1,Normal,0,LOW,None
2026-01-03 08:40:00,23.64,28.6,90.62,0.3394,-64.44,81.11,74.39,0.021035,1,Normal,0,LOW,None
2026-01-03 08:45:00,23.27,28.64,86.22,0.3884,-65.94,80.46,79.55,0.046604,1,Normal,0,LOW,None
2026-01-03 08:50:00,23.87,28.67,91.19,0.3726,-66.65,80.47,75.31,0.053354,1,Normal,0,LOW,None
2026-01-03 08:55:00,21.6,28.81,86.0,0.3505,-66.64,80.74,74.63,0.057001,1,Normal,0,LOW,None
2026-01-03 09:00:00,21.55,28.65,83.95,0.3278,-66.66,80.75,74.72,0.052216,1,Normal,0,LOW,None
2026-01-03 09:05:00,21.34,28.75,90.39,0.3819,-66.71,80.28,73.57,0.060958,1,Normal,0,LOW,None
2026-01-03 09:10:00,22.7,28.65,84.5,0.3241,-67.28,81.02,80.44,0.05007,1,Normal,0,LOW,None
2026-01-03 09:15:00,23.39,28.71,90.57,0.3912,-67.5,80.42,80.46,0.059329,1,Normal,0,LOW,None
2026-01-03 09:20:00,20.88,28.68,96.69,0.4807,-66.2,81.16,79.26,0.058112,1,Normal,0,LOW,None
2026-01-03 09:25:00,20.75,28.75,86.28,0.4312,-66.6,81.23,76.62,0.064528,1,Normal,0,LOW,None
2026-01-03 09:30:00,21.46,28.64,89.28,0.4075,-64.9,80.59,82.39,0.049793,1,Normal,0,LOW,None
2026-01-03 09:35:00,20.62,28.55,90.94,0.377,-65.72,80.76,78.43,0.050757,1,Normal,0,LOW,None
2026-01-03 09:40:00,21.88,28.56,95.13,0.3045,-65.76,80.24,78.97,0.032939,1,Normal,0,LOW,None
2026-01-03 09:45:00,17.85,28.62,94.88,0.3309,-66.78,80.76,82.75,0.048938,1,Normal,0,LOW,None
2026-01-03 09:50:00,19.38,28.56,101.86,0.4369,-66.17,80.4,81.57,0.063911,1,Normal,0,LOW,None
2026-01-03 09:55:00,19.25,28.69,101.12,0.3558,-65.7,80.19,85.04,0.047197,1,Normal,0,LOW,None
2026-01-03 10:00:00,17.22,28.61,100.33,0.3613,-65.36,80.41,81.53,0.047709,1,Normal,0,LOW,None
2026-01-03 10:05:00,18.65,28.84,99.92,0.3845,-66.19,80.32,80.63,0.04808,1,Normal,0,LOW,None
2026-01-03 10:10:00,18.52,28.5,101.61,0.3506,-65.03,80.34,80.59,0.038036,1,Normal,0,LOW,None
2026-01-03 10:15:00,19.18,28.65,98.03,0.346,-66.13,80.69,78.52,0.049174,1,Normal,0,LOW,None
2026-01-03 10:20:00,20.56,28.54,104.87,0.395,-65.36,80.14,82.06,0.054321,1,Normal,0,LOW,None
2026-01-03 10:25:00,18.73,28.59,98.79,0.3634,-66.67,80.87,85.32,0.059113,1,Normal,0,LOW,None
2026-01-03 10:30:00,17.59,28.63,106.42,0.3715,-68.02,79.93,84.64,0.061574,1,Normal,0,LOW,None
2026-01-03 10:35:00,18.56,28.43,108.45,0.372,-65.97,80.78,83.89,0.047595,1,Normal,0,LOW,None
2026-01-03 10:40:00,19.68,28.63,105.84,0.4263,-65.54,79.96,82.28,0.059147,1,Normal,0,LOW,None
2026-01-03 10:45:00,17.04,28.76,105.29,0.3983,-65.73,80.24,85.14,0.045076,1,Normal,0,LOW,None
2026-01-03 10:50:00,16.91,28.56,108.09,0.4027,-65.92,80.07,87.14,0.047453,1,Normal,0,LOW,None
2026-01-03 10:55:00,18.47,28.62,97.46,0.436,-66.72,80.08,86.4,0.063274,1,Normal,0,LOW,None
2026-01-03 11:00:00,17.32,28.67,109.31,0.4087,-67.22,80.4,86.29,0.065378,1,Normal,0,LOW,None
2026-01-03 11:05:00,18.15,28.57,108.63,0.4056,-65.9,80.58,84.79,0.055299,1,Normal,0,LOW,None
2026-01-03 11:10:00,17.15,28.53,109.6,0.4379,-66.07,80.46,88.55,0.047839,1,Normal,0,LOW,None
2026-01-03 11:15:00,17.79,28.39,113.0,0.4482,-67.1,79.95,80.99,0.061245,1,Normal,0,LOW,None
2026-01-03 11:20:00,15.49,28.62,111.0,0.418,-65.47,80.1,88.45,0.042093,1,Normal,0,LOW,None
2026-01-03 11:25:00,16.51,28.55,108.0,0.4296,-67.51,79.78,93.26,0.058057,1,Normal,0,LOW,None
2026-01-03 11:30:00,16.05,28.48,112.2,0.3976,-67.26,79.69,85.53,0.053645,1,Normal,0,LOW,None
2026-01-03 11:35:00,14.63,28.56,113.63,0.3969,-65.09,79.62,88.5,0.028688,1,Normal,0,LOW,None
2026-01-03 11:40:00,14.0,28.5,114.48,0.4646,-65.91,79.8,89.41,0.039247,1,Normal,0,LOW,None
2026-01-03 11:45:00,16.48,28.5,115.32,0.4542,-67.19,79.98,88.93,0.055127,1,Normal,0,LOW,None
2026-01-03 11:50:00,15.02,28.58,119.04,0.4573,-66.6,79.3,92.37,0.045267,1,Normal,0,LOW,None
2026-01-03 11:55:00,13.99,28.42,112.24,0.4529,-66.79,79.83,91.68,0.051489,1,Normal,0,LOW,None
2026-01-03 12:00:00,14.88,28.61,117.27,0.4462,-69.75,80.27,91.47,0.065033,1,Normal,0,LOW,None
2026-01-03 12:05:00,16.14,28.4,121.77,0.4749,-67.98,80.13,93.2,0.048334,1,Normal,0,LOW,None
2026-01-03 12:10:00,11.83,28.46,111.77,0.4871,-67.18,79.59,92.07,0.051562,1,Normal,0,LOW,None
2026-01-03 12:15:00,12.55,28.66,119.03,0.4889,-67.55,79.32,98.83,0.040808,1,Normal,0,LOW,None
2026-01-03 12:20:00,13.02,28.59,116.9,0.4512,-67.01,79.85,93.21,0.050621,1,Normal,0,LOW,None
2026-01-03 12:25:00,15.66,28.5,118.17,0.5135,-66.2,78.98,93.72,0.032984,1,Normal,0,LOW,None
2026-01-03 12:30:00,14.03,28.41,116.81,0.4699,-67.72,79.98,90.34,0.058178,1,Normal,0,LOW,None
2026-01-03 12:35:00,14.4,28.44,119.86,0.4889,-68.52,79.56,93.1,0.055116,1,Normal,0,LOW,None
2026-01-03 12:40:00,11.9,28.48,127.36,0.4777,-67.21,80.14,96.91,0.030128,1,Normal,0,LOW,None
2026-01-03 12:45:00,11.71,28.47,116.93,0.4792,-67.94,79.05,92.37,0.052799,1,Normal,0,LOW,None
2026-01-03 12:50:00,13.37,28.46,117.67,0.4428,-67.84,79.81,91.15,0.056219,1,Normal,0,LOW,None
2026-01-03 12:55:00,12.69,28.45,117.6,0.5032,-68.05,79.48,95.94,0.057712,1,Normal,0,LOW,None
2026-01-03 13:00:00,13.07,28.43,128.57,0.5918,-65.59,79.38,99.04,0.004416,1,Normal,0,LOW,None
2026-01-03 13:05:00,11.98,28.33,121.25,0.466,-70.15,79.04,96.79,0.05391,1,Normal,0,LOW,None
2026-01-03 13:10:00,12.33,28.4,123.09,0.4868,-68.38,79.61,96.45,0.050281,1,Normal,0,LOW,None
2026-01-03 13:15:00,11.98,28.5,122.07,0.469,-68.08,79.6,93.81,0.04661,1,Normal,0,LOW,None
2026-01-03 13:20:00,12.51,28.32,120.44,0.4704,-68.94,79.91,98.83,0.054954,1,Normal,0,LOW,None
2026-01-03 13:25:00,12.34,28.4,123.17,0.5547,-67.34,79.65,99.65,0.036273,1,Normal,0,LOW,None
2026-01-03 13:30:00,9.23,28.35,132.81,0.469,-67.51,79.14,95.16,0.003877,1,Normal,0,LOW,None
2026-01-03 13:35:00,8.28,28.42,129.27,0.48,-68.46,78.99,101.38,0.021072,1,Normal,0,LOW,None
2026-01-03 13:40:00,11.98,28.37,121.58,0.4385,-68.77,78.85,101.03,0.04874,1,Normal,0,LOW,None
2026-01-03 13:45:00,12.0,28.51,126.97,0.4747,-68.7,79.67,102.14,0.034155,1,Normal,0,LOW,None
2026-01-03 13:50:00,9.16,28.43,121.9,0.4398,-68.78,78.97,101.42,0.037794,1,Normal,0,LOW,None
2026-01-03 13:55:00,7.96,28.28,118.68,0.5364,-68.84,79.62,101.93,0.047081,1,Normal,0,LOW,None
2026-01-03 14:00:00,10.12,28.43,128.53,0.6263,-69.04,79.3,102.04,0.029583,1,Normal,0,LOW,None
2026-01-03 14:05:00,10.93,28.31,129.05,0.5027,-68.69,79.22,103.09,0.03292,1,Normal,0,LOW,None
2026-01-03 14:10:00,11.78,28.32,128.66,0.4538,-68.29,79.0,98.07,0.032845,1,Normal,0,LOW,None
2026-01-03 14:15:00,10.06,28.38,123.33,0.5596,-70.37,79.26,99.06,0.048975,1,Normal,0,LOW,None
2026-01-03 14:20:00,8.82,28.31,124.35,0.4976,-70.28,79.03,100.94,0.049203,1,Normal,0,LOW,None
2026-01-03 14:25:00,8.02,28.41,127.48,0.5818,-71.07,78.9,102.49,0.033687,1,Normal,0,LOW,None
2026-01-03 14:30:00,8.93,28.27,126.13,0.5217,-68.56,79.19,103.86,0.026216,1,Normal,0,LOW,None
2026-01-03 14:35:00,8.38,28.28,123.25,0.5108,-69.27,78.91,104.06,0.036314,1,Normal,0,LOW,None
2026-01-03 14:40:00,7.35,28.27,118.81,0.5321,-69.11,78.68,105.96,0.03736,1,Normal,0,LOW,None
2026-01-03 14:45:00,10.87,28.27,124.69,0.5727,-71.15,79.07,106.34,0.047503,1,Normal,0,LOW,None
2026-01-03 14:50:00,10.39,28.4,127.86,0.5364,-68.03,78.85,102.6,0.024668,1,Normal,0,LOW,None
2026-01-03 14:55:00,9.45,28.35,119.66,0.5288,-70.53,78.99,105.13,0.050032,1,Normal,0,LOW,None
2026-01-03 15:00:00,6.82,28.43,125.83,0.5438,-69.85,78.67,103.25,0.0303,1,Normal,0,LOW,None
2026-01-03 15:05:00,8.8,28.47,124.48,0.504,-69.27,78.42,104.85,0.028878,1,Normal,0,LOW,None
2026-01-03 15:10:00,8.39,28.2,125.63,0.5739,-71.21,79.28,106.15,0.041014,1,Normal,0,LOW,None
2026-01-03 15:15:00,8.01,28.28,125.73,0.4897,-70.87,79.19,98.96,0.038876,1,Normal,0,LOW,None
2026-01-03 15:20:00,8.84,28.18,119.89,0.5466,-70.25,78.96,110.87,0.025931,1,Normal,0,LOW,None
2026-01-03 15:25:00,7.96,28.2,116.28,0.5978,-67.68,78.55,107.43,0.023758,1,Normal,0,LOW,None
2026-01-03 15:30:00,7.95,28.21,119.67,0.5827,-70.34,78.55,105.36,0.04626,1,Normal,0,LOW,None
2026-01-03 15:35:00,7.7,28.17,124.22,0.5973,-69.14,79.03,110.65,0.015576,1,Normal,0,LOW,None
2026-01-03 15:40:00,7.22,28.16,118.76,0.5742,-69.65,78.48,106.33,0.040797,1,Normal,0,LOW,None
2026-01-03 15:45:00,4.54,28.23,117.76,0.6267,-70.59,78.37,107.51,0.022042,1,Normal,0,LOW,None
2026-01-03 15:50:00,6.67,28.13,113.32,0.62,-72.05,79.09,106.49,0.055636,1,Normal,0,LOW,None
2026-01-03 15:55:00,5.78,28.29,125.31,0.604,-70.11,78.49,110.98,0.011977,1,Normal,0,LOW,None
2026-01-03 16:00:00,4.8,28.14,121.53,0.6263,-72.77,79.01,107.66,0.041726,1,Normal,0,LOW,None
2026-01-03 16:05:00,8.25,28.44,120.78,0.6223,-69.78,78.03,108.37,0.028222,1,Normal,0,LOW,None
2026-01-03 16:10:00,8.2,28.17,120.9,0.5778,-71.29,78.57,110.66,0.032691,1,Normal,0,LOW,None
2026-01-03 16:15:00,7.66,28.2,118.94,0.5447,-74.25,79.01,109.59,0.047184,1,Normal,0,LOW,None
2026-01-03 16:20:00,6.24,28.09,115.45,0.6183,-72.05,78.37,108.48,0.04842,1,Normal,0,LOW,None
2026-01-03 16:25:00,7.47,28.32,115.11,0.6263,-71.16,78.26,110.97,0.027597,1,Normal,0,LOW,None
2026-01-03 16:30:00,5.78,28.27,113.54,0.6511,-72.16,77.96,113.97,0.018227,1,Normal,0,LOW,None
2026-01-03 16:35:00,5.92,28.2,123.59,0.573,-71.31,78.6,109.67,0.029893,1,Normal,0,LOW,None
2026-01-03 16:40:00,4.29,28.06,115.64,0.5772,-72.99,78.02,109.39,0.033363,1,Normal,0,LOW,None
2026-01-03 16:45:00,6.01,28.18,111.38,0.6349,-73.55,78.19,109.62,0.050395,1,Normal,0,LOW,None
2026-01-03 16:50:00,5.54,28.06,113.93,0.6166,-72.42,77.82,112.01,0.035368,1,Normal,0,LOW,None
2026-01-03 16:55:00,3.84,28.26,108.04,0.5469,-72.43,78.63,108.3,0.028055,1,Normal,0,LOW,None
2026-01-03 17:00:00,5.28,28.21,116.11,0.6403,-72.91,78.48,109.03,0.046768,1,Normal,0,LOW,None
2026-01-03 17:05:00,5.19,28.14,107.79,0.5541,-71.45,78.1,106.6,0.039588,1,Normal,0,LOW,None
2026-01-03 17:10:00,7.39,27.93,111.11,0.5932,-73.63,77.74,107.38,0.052002,1,Normal,0,LOW,None
2026-01-03 17:15:00,6.27,28.04,112.32,0.688,-72.57,78.51,108.77,0.043308,1,Normal,0,LOW,None
2026-01-03 17:20:00,5.17,28.17,109.16,0.7097,-72.93,77.92,109.75,0.039633,1,Normal,0,LOW,None
2026-01-03 17:25:00,5.41,28.21,107.37,0.5909,-74.66,77.67,113.45,0.029615,1,Normal,0,LOW,None
2026-01-03 17:30:00,5.14,28.19,106.28,0.6292,-74.52,77.44,111.02,0.039985,1,Normal,0,LOW,None
2026-01-03 17:35:00,4.82,27.97,105.25,0.6469,-73.3,77.75,108.15,0.045813,1,Normal,0,LOW,None
2026-01-03 17:40:00,3.74,28.11,102.63,0.7191,-71.43,77.48,108.54,0.014672,1,Normal,0,LOW,None
2026-01-03 17:45:00,4.84,28.16,102.27,0.6309,-72.94,77.7,112.75,0.028968,1,Normal,0,LOW,None
2026-01-03 17:50:00,4.11,27.94,108.21,0.6343,-75.35,78.08,112.25,0.031386,1,Normal,0,LOW,None
2026-01-03 17:55:00,3.5,28.07,101.84,0.718,-76.84,77.72,110.04,0.026455,1,Normal,0,LOW,None
2026-01-03 18:00:00,5.61,28.09,98.65,0.6437,-73.1,77.91,109.08,0.051007,1,Normal,0,LOW,None
2026-01-03 18:05:00,5.47,28.03,98.78,0.6902,-74.03,77.56,112.19,0.036224,1,Normal,0,LOW,None
2026-01-03 18:10:00,2.87,27.9,103.62,0.6048,-72.89,77.77,107.91,0.022243,1,Normal,0,LOW,None
2026-01-03 18:15:00,4.87,28.02,101.32,0.6596,-75.02,78.29,110.63,0.044204,1,Normal,0,LOW,None
2026-01-03 18:20:00,6.23,28.01,100.1,0.6026,-73.89,77.59,114.33,0.034112,1,Normal,0,LOW,None
2026-01-03 18:25:00,6.33,28.02,96.42,0.6293,-73.49,77.78,110.13,0.052482,1,Normal,0,LOW,None
2026-01-03 18:30:00,6.32,27.98,98.51,0.7075,-74.88,77.16,108.09,0.045933,1,Normal,0,LOW,None
2026-01-03 18:35:00,5.16,27.99,93.45,0.6744,-74.96,78.06,110.38,0.045099,1,Normal,0,LOW,None
2026-01-03 18:40:00,4.14,28.01,93.99,0.6661,-74.6,77.43,108.52,0.039902,1,Normal,0,LOW,None
2026-01-03 18:45:00,3.89,28.04,97.49,0.6513,-74.18,77.86,106.57,0.039102,1,Normal,0,LOW,None
2026-01-03 18:50:00,5.65,27.98,96.37,0.6748,-74.84,77.48,110.64,0.043356,1,Normal,0,LOW,None
2026-01-03 18:55:00,5.74,27.96,89.09,0.698,-73.94,77.68,111.35,0.04123,1,Normal,0,LOW,None
2026-01-03 19:00:00,6.89,28.0,88.75,0.7275,-75.47,77.67,108.36,0.056089,1,Normal,0,LOW,None
2026-01-03 19:05:00,6.72,27.83,91.36,0.5854,-76.43,77.3,108.09,0.046944,1,Normal,0,LOW,None
2026-01-03 19:10:00,5.3,28.02,96.26,0.6594,-73.22,77.74,106.77,0.051991,1,Normal,0,LOW,None
2026-01-03 19:15:00,4.04,27.97,82.77,0.7012,-75.89,77.15,108.23,0.041623,1,Normal,0,LOW,None
2026-01-03 19:20:00,5.22,27.97,89.71,0.693,-75.94,77.59,107.24,0.053263,1,Normal,0,LOW,None
2026-01-03 19:25:00,5.94,28.04,83.2,0.7152,-75.53,77.21,106.16,0.052058,1,Normal,0,LOW,None
2026-01-03 19:30:00,5.52,27.8,85.08,0.7119,-75.48,77.4,111.78,0.038662,1,Normal,0,LOW,None
2026-01-03 19:35:00,5.15,27.79,85.33,0.691,-76.02,77.13,108.74,0.039587,1,Normal,0,LOW,None
2026-01-03 19:40:00,6.24,27.97,84.45,0.6842,-75.74,77.26,108.75,0.053269,1,Normal,0,LOW,None
2026-01-03 19:45:00,5.43,27.94,83.38,0.6974,-75.84,76.89,109.16,0.043837,1,Normal,0,LOW,None
2026-01-03 19:50:00,5.38,27.95,84.62,0.7551,-75.71,77.26,108.71,0.047124,1,Normal,0,LOW,None
2026-01-03 19:55:00,6.61,27.89,82.09,0.6817,-78.33,77.17,106.12,0.044129,1,Normal,0,LOW,None
2026-01-03 20:00:00,5.86,27.98,78.22,0.7103,-74.17,76.97,107.25,0.041449,1,Normal,0,LOW,None
2026-01-03 20:05:00,6.74,27.99,85.47,0.722,-76.28,77.08,105.93,0.057076,1,Normal,0,LOW,None
2026-01-03 20:10:00,6.89,27.95,84.79,0.7788,-75.63,77.11,107.09,0.049476,1,Normal,0,LOW,None
2026-01-03 20:15:00,5.32,27.89,84.55,0.7061,-77.66,76.86,106.64,0.042889,1,Normal,0,LOW,None
2026-01-03 20:20:00,6.23,27.73,75.66,0.7582,-76.83,76.98,104.92,0.033381,1,Normal,0,LOW,None
2026-01-03 20:25:00,8.66,27.96,81.57,0.7707,-77.1,76.69,102.75,0.049538,1,Normal,0,LOW,None
2026-01-03 20:30:00,5.67,27.99,82.39,0.7205,-75.03,77.66,105.42,0.04984,1,Normal,0,LOW,None
2026-01-03 20:35:00,4.66,27.94,75.94,0.7162,-77.16,77.25,104.43,0.044405,1,Normal,0,LOW,None
2026-01-03 20:40:00,5.11,27.81,79.12,0.7129,-75.88,76.99,100.76,0.044015,1,Normal,0,LOW,None
2026-01-03 20:45:00,7.52,27.93,78.24,0.7173,-77.36,77.23,105.26,0.051527,1,Normal,0,LOW,None
2026-01-03 20:50:00,7.66,27.94,84.68,0.7632,-77.23,76.26,105.86,0.038901,1,Normal,0,LOW,None
2026-01-03 20:55:00,7.64,27.99,84.58,0.7396,-77.08,76.05,108.67,0.035255,1,Normal,0,LOW,None
2026-01-03 21:00:00,9.39,27.79,71.65,0.7411,-75.62,76.67,102.51,0.037812,1,Normal,0,LOW,None
2026-01-03 21:05:00,4.88,27.84,85.86,0.688,-78.85,76.35,101.89,0.026356,1,Normal,0,LOW,None
2026-01-03 21:10:00,8.72,27.91,73.61,0.6955,-78.34,76.67,100.41,0.034878,1,Normal,0,LOW,None
2026-01-03 21:15:00,10.28,27.85,79.95,0.8212,-79.03,76.77,102.7,0.020401,1,Normal,0,LOW,None
2026-01-03 21:20:00,7.22,27.75,79.65,0.7295,-78.23,76.96,102.34,0.037905,1,Normal,0,LOW,None
2026-01-03 21:25:00,8.28,27.87,72.53,0.7067,-78.0,76.31,99.96,0.023643,1,Normal,0,LOW,None
2026-01-03 21:30:00,8.01,27.88,77.52,0.796,-78.86,76.74,100.88,0.022057,1,Normal,0,LOW,None
2026-01-03 21:35:00,8.01,27.83,75.23,0.7511,-78.03,76.6,96.91,0.038879,1,Normal,0,LOW,None
2026-01-03 21:40:00,8.87,27.84,77.38,0.7639,-79.36,76.67,102.35,0.024724,1,Normal,0,LOW,None
2026-01-03 21:45:00,11.16,27.8,76.1,0.7361,-78.41,76.38,98.58,0.042956,1,Normal,0,LOW,None
2026-01-03 21:50:00,11.83,27.93,79.37,0.7298,-76.24,76.93,99.67,0.057691,1,Normal,0,LOW,None
2026-01-03 21:55:00,9.41,27.74,75.36,0.7366,-77.08,76.45,96.51,0.042577,1,Normal,0,LOW,None
2026-01-03 22:00:00,12.29,27.76,74.45,0.6888,-77.34,76.99,97.81,0.052167,1,Normal,0,LOW,None
2026-01-03 22:05:00,10.23,27.8,78.84,0.7414,-78.57,76.19,98.02,0.036344,1,Normal,0,LOW,None
2026-01-03 22:10:00,12.49,27.87,77.03,0.7574,-79.14,76.62,98.16,0.035454,1,Normal,0,LOW,None
2026-01-03 22:15:00,10.47,27.67,77.58,0.8202,-78.79,76.35,98.74,0.020721,1,Normal,0,LOW,None
2026-01-03 22:20:00,10.93,27.68,72.74,0.7502,-77.72,76.25,100.26,0.025944,1,Normal,0,LOW,None
2026-01-03 22:25:00,11.41,27.62,71.49,0.654,-76.85,76.51,98.44,0.035665,1,Normal,0,LOW,None
2026-01-03 22:30:00,14.99,27.78,73.26,0.744,-76.84,76.2,98.49,0.033669,1,Normal,0,LOW,None
2026-01-03 22:35:00,12.4,27.69,73.2,0.8578,-77.15,75.46,99.04,0.013965,1,Normal,0,LOW,None
2026-01-03 22:40:00,10.73,27.74,78.28,0.7833,-78.54,75.31,96.87,0.021945,1,Normal,0,LOW,None
2026-01-03 22:45:00,12.95,27.82,79.12,0.7165,-77.81,76.59,95.24,0.057078,1,Normal,0,LOW,None
2026-01-03 22:50:00,11.56,27.71,75.37,0.7729,-78.18,76.55,96.91,0.043754,1,Normal,0,LOW,None
2026-01-03 22:55:00,11.61,27.78,81.15,0.7198,-78.08,76.71,96.61,0.056511,1,Normal,0,LOW,None
2026-01-03 23:00:00,13.5,27.73,81.19,0.6956,-75.86,76.11,95.34,0.049587,1,Normal,0,LOW,None
2026-01-03 23:05:00,12.66,27.81,77.54,0.7359,-79.68,75.7,90.7,0.019603,1,Normal,0,LOW,None
2026-01-03 23:10:00,13.17,27.79,74.12,0.7536,-78.17,75.94,91.5,0.03408,1,Normal,0,LOW,None
2026-01-03 23:15:00,13.07,27.69,82.84,0.6751,-76.74,76.04,92.2,0.049702,1,Normal,0,LOW,None
2026-01-03 23:20:00,13.67,27.73,77.47,0.704,-79.43,75.71,93.88,0.023524,1,Normal,0,LOW,None
2026-01-03 23:25:00,13.99,27.82,78.5,0.7504,-78.62,76.47,91.84,0.043047,1,Normal,0,LOW,None
2026-01-03 23:30:00,11.37,27.77,77.28,0.7335,-78.51,76.62,93.72,0.047159,1,Normal,0,LOW,None
2026-01-03 23:35:00,28.11,27.62,75.78,0.7655,-78.21,76.07,93.64,0.000629,1,Normal,0,LOW,None
2026-01-03 23:40:00,53.8,27.78,74.2,0.7009,-79.59,75.89,92.98,-0.066084,-1,Anomaly,41,MEDIUM,Thermal anomaly (temperature: 53.8 degC)
2026-01-03 23:45:00,80.91,27.64,82.03,0.7778,-77.4,75.48,92.55,-0.084781,-1,Anomaly,70,HIGH,Thermal anomaly (temperature: 80.91 degC)
2026-01-03 23:50:00,108.47,27.83,77.57,0.7016,-77.33,76.3,87.63,-0.118874,-1,Anomaly,70,HIGH,Thermal anomaly (temperature: 108.47 degC)
2026-01-03 23:55:00,108.52,27.8,91.53,0.8143,-77.49,75.83,90.23,-0.127797,-1,Anomaly,70,HIGH,Thermal anomaly (temperature: 108.52 degC)
2026-01-04 00:00:00,81.5,27.74,77.56,0.6796,-78.87,75.7,87.62,-0.102963,-1,Anomaly,70,HIGH,Thermal anomaly (temperature: 81.5 degC)
2026-01-04 00:05:00,55.84,27.72,77.51,0.704,-77.91,75.9,85.1,-0.043783,-1,Anomaly,44,MEDIUM,Thermal anomaly (temperature: 55.84 degC)
2026-01-04 00:10:00,27.33,27.69,84.27,0.7639,-78.89,75.55,87.39,-0.002253,-1,Anomaly,0,LOW,None
2026-01-04 00:15:00,15.17,27.76,88.43,0.8133,-78.31,75.74,90.18,0.021652,1,Normal,0,LOW,None
2026-01-04 00:20:00,15.17,27.67,83.92,0.7587,-75.81,75.24,88.02,0.032554,1,Normal,0,LOW,None
2026-01-04 00:25:00,16.03,27.72,86.32,0.768,-77.86,75.97,90.7,0.037915,1,Normal,0,LOW,None
2026-01-04 00:30:00,16.64,27.77,78.51,0.7455,-79.13,75.58,86.59,0.024008,1,Normal,0,LOW,None
2026-01-04 00:35:00,15.31,27.65,83.26,0.703,-77.75,75.94,90.7,0.043872,1,Normal,0,LOW,None
2026-01-04 00:40:00,17.61,27.64,82.55,0.7237,-79.26,75.5,85.74,0.022074,1,Normal,0,LOW,None
2026-01-04 00:45:00,17.03,27.6,80.36,0.694,-79.09,75.49,85.0,0.017649,1,Normal,0,LOW,None
2026-01-04 00:50:00,14.89,27.6,88.11,0.6904,-78.91,75.14,81.98,0.025243,1,Normal,0,LOW,None
2026-01-04 00:55:00,15.03,27.54,80.57,0.7567,-78.29,75.7,86.34,0.023071,1,Normal,0,LOW,None
2026-01-04 01:00:00,17.57,27.74,84.52,0.6947,-76.88,75.18,82.7,0.046694,1,Normal,0,LOW,None
2026-01-04 01:05:00,17.53,27.83,88.01,0.7514,-77.21,75.27,82.0,0.03928,1,Normal,0,LOW,None
2026-01-04 01:10:00,17.88,27.79,87.74,0.6855,-77.24,75.39,85.45,0.04632,1,Normal,0,LOW,None
2026-01-04 01:15:00,18.18,27.55,92.8,0.7483,-78.83,75.4,84.79,0.02358,1,Normal,0,LOW,None
2026-01-04 01:20:00,18.69,27.73,93.25,0.7157,-78.24,74.82,84.34,0.040889,1,Normal,0,LOW,None
2026-01-04 01:25:00,19.76,27.79,96.09,0.7904,-77.39,75.24,80.95,0.038428,1,Normal,0,LOW,None
2026-01-04 01:30:00,17.49,27.64,96.39,0.7458,-78.25,75.52,81.18,0.037379,1,Normal,0,LOW,None
2026-01-04 01:35:00,17.62,27.68,98.54,0.781,-77.87,75.14,80.77,0.03772,1,Normal,0,LOW,None
2026-01-04 01:40:00,17.91,27.51,95.34,0.7,-77.11,75.16,82.07,0.038284,1,Normal,0,LOW,None
2026-01-04 01:45:00,19.77,27.69,97.22,0.7311,-77.85,75.24,83.23,0.043923,1,Normal,0,LOW,None
2026-01-04 01:50:00,21.11,27.58,98.76,0.6881,-77.24,75.13,80.48,0.048306,1,Normal,0,LOW,None
2026-01-04 01:55:00,19.29,27.68,98.28,0.7094,-75.82,74.83,83.32,0.05171,1,Normal,0,LOW,None
2026-01-04 02:00:00,17.0,27.54,97.21,0.7139,-77.54,75.1,80.8,0.037441,1,Normal,0,LOW,None
2026-01-04 02:05:00,18.14,27.71,98.25,0.6938,-76.14,75.38,78.17,0.050888,1,Normal,0,LOW,None
2026-01-04 02:10:00,19.37,27.74,97.37,0.6726,-76.71,74.74,79.95,0.054268,1,Normal,0,LOW,None
2026-01-04 02:15:00,19.89,27.6,102.52,0.6631,-78.68,74.91,81.35,0.041843,1,Normal,0,LOW,None
2026-01-04 02:20:00,20.25,27.57,101.54,0.6243,-78.27,74.58,81.59,0.040219,1,Normal,0,LOW,None
2026-01-04 02:25:00,20.96,27.48,100.36,0.6739,-77.94,75.25,79.63,0.034768,1,Normal,0,LOW,None
2026-01-04 02:30:00,20.71,27.63,101.17,0.7395,-77.91,74.92,76.97,0.037759,1,Normal,0,LOW,None
2026-01-04 02:35:00,22.52,27.61,100.06,0.6487,-77.08,74.66,76.16,0.051298,1,Normal,0,LOW,None
2026-01-04 02:40:00,20.62,27.53,108.53,0.656,-76.32,74.91,77.42,0.04553,1,Normal,0,LOW,None
2026-01-04 02:45:00,20.56,27.69,106.18,0.7805,-75.61,74.5,79.31,0.040302,1,Normal,0,LOW,None
2026-01-04 02:50:00,22.33,27.62,103.67,0.6815,-76.5,74.52,76.52,0.051772,1,Normal,0,LOW,None
2026-01-04 02:55:00,20.07,27.57,110.31,0.7178,-77.19,74.36,76.26,0.033967,1,Normal,0,LOW,None
2026-01-04 03:00:00,22.54,27.61,106.29,0.7287,-78.76,74.45,75.16,0.02865,1,Normal,0,LOW,None
2026-01-04 03:05:00,22.35,27.74,104.1,0.7274,-76.53,75.15,74.11,0.046982,1,Normal,0,LOW,None
2026-01-04 03:10:00,22.2,27.7,113.35,0.638,-76.51,74.5,74.17,0.057057,1,Normal,0,LOW,None
2026-01-04 03:15:00,24.42,27.64,108.65,0.6875,-76.28,74.83,74.49,0.048475,1,Normal,0,LOW,None
2026-01-04 03:20:00,21.91,27.7,109.83,0.6298,-74.28,74.41,77.39,0.062469,1,Normal,0,LOW,None
2026-01-04 03:25:00,25.27,27.56,112.13,0.7902,-75.08,74.86,73.22,0.023375,1,Normal,0,LOW,None
2026-01-04 03:30:00,22.66,27.65,116.7,0.6264,-75.46,74.3,73.55,0.054716,1,Normal,0,LOW,None
2026-01-04 03:35:00,21.53,27.66,113.47,0.646,-77.13,74.59,71.48,0.04929,1,Normal,0,LOW,None
2026-01-04 03:40:00,23.28,27.61,109.88,0.644,-76.6,74.57,74.41,0.053752,1,Normal,0,LOW,None
2026-01-04 03:45:00,22.02,27.68,116.65,0.6234,-76.1,75.22,75.48,0.055152,1,Normal,0,LOW,None
2026-01-04 03:50:00,22.53,27.59,113.7,0.735,-76.7,74.68,75.78,0.042332,1,Normal,0,LOW,None
2026-01-04 03:55:00,24.03,27.69,122.65,0.7754,-75.34,74.29,72.73,0.026914,1,Normal,0,LOW,None
2026-01-04 04:00:00,24.33,27.69,116.65,0.6571,-75.4,74.64,73.27,0.052393,1,Normal,0,LOW,None
2026-01-04 04:05:00,23.02,27.42,109.44,0.6208,-76.76,75.05,71.63,0.030947,1,Normal,0,LOW,None
2026-01-04 04:10:00,25.05,27.75,119.09,0.5817,-74.39,73.89,72.81,0.045382,1,Normal,0,LOW,None
2026-01-04 04:15:00,25.36,27.41,125.21,0.6589,-75.4,74.1,72.2,0.015612,1,Normal,0,LOW,None
2026-01-04 04:20:00,25.79,27.6,124.46,0.6535,-77.14,74.26,71.53,0.028497,1,Normal,0,LOW,None
2026-01-04 04:25:00,24.79,27.74,125.88,0.6375,-75.38,74.17,71.53,0.038613,1,Normal,0,LOW,None
2026-01-04 04:30:00,25.87,27.63,116.4,0.6698,-74.95,74.17,72.01,0.031434,1,Normal,0,LOW,None
2026-01-04 04:35:00,22.06,27.54,123.65,0.6741,-74.17,73.85,70.38,0.02444,1,Normal,0,LOW,None
2026-01-04 04:40:00,24.02,27.57,118.39,0.6686,-75.39,74.64,70.35,0.039685,1,Normal,0,LOW,None
2026-01-04 04:45:00,23.43,27.74,122.14,0.6403,-74.13,73.76,74.13,0.047435,1,Normal,0,LOW,None
2026-01-04 04:50:00,24.68,27.5,117.31,0.6062,-74.68,74.1,76.03,0.0314,1,Normal,0,LOW,None
2026-01-04 04:55:00,23.91,27.75,119.9,0.6742,-76.09,74.44,68.1,0.029294,1,Normal,0,LOW,None
2026-01-04 05:00:00,24.46,27.66,120.16,0.6453,-76.09,74.09,67.89,0.032134,1,Normal,0,LOW,None
2026-01-04 05:05:00,26.97,27.57,126.01,0.6776,-73.45,73.78,68.41,-0.004056,-1,Anomaly,0,LOW,None
2026-01-04 05:10:00,24.56,27.62,125.99,0.6708,-73.28,73.64,70.05,0.03052,1,Normal,0,LOW,None
2026-01-04 05:15:00,25.3,27.58,124.45,0.5795,-74.06,73.95,71.98,0.036639,1,Normal,0,LOW,None
2026-01-04 05:20:00,24.57,27.73,119.02,0.5762,-72.79,73.76,71.32,0.051828,1,Normal,0,LOW,None
2026-01-04 05:25:00,24.97,27.73,122.9,0.6005,-73.13,74.02,70.43,0.045286,1,Normal,0,LOW,None
2026-01-04 05:30:00,24.92,27.53,121.6,0.5856,-73.4,73.51,71.11,0.035877,1,Normal,0,LOW,None
2026-01-04 05:35:00,25.48,27.64,127.44,0.6551,-74.89,74.15,68.64,0.017892,1,Normal,0,LOW,None
2026-01-04 05:40:00,26.36,27.6,128.69,0.636,-72.15,73.91,69.52,0.007894,1,Normal,0,LOW,None
2026-01-04 05:45:00,26.96,27.78,128.4,0.663,-73.24,73.91,69.96,0.002586,1,Normal,0,LOW,None
2026-01-04 05:50:00,25.36,27.57,122.17,0.6319,-74.06,74.25,66.83,0.01464,1,Normal,0,LOW,None
2026-01-04 05:55:00,25.71,27.81,115.31,0.6215,-74.24,73.66,67.69,0.024055,1,Normal,0,LOW,None
2026-01-04 06:00:00,23.62,27.68,118.78,0.6581,-73.21,73.55,67.79,0.035471,1,Normal,0,LOW,None
2026-01-04 06:05:00,24.89,27.59,129.97,0.6259,-75.03,73.57,71.59,0.023019,1,Normal,0,LOW,None
2026-01-04 06:10:00,26.12,27.63,123.59,0.6068,-72.55,73.65,70.59,0.034852,1,Normal,0,LOW,None
2026-01-04 06:15:00,26.02,27.62,122.35,0.6603,-74.1,73.65,71.38,0.033969,1,Normal,0,LOW,None
2026-01-04 06:20:00,25.22,27.59,130.68,0.6026,-72.67,73.4,66.53,8e-05,1,Normal,0,LOW,None
2026-01-04 06:25:00,26.0,27.7,129.28,0.5828,-73.46,73.02,67.31,0.003734,1,Normal,0,LOW,None
2026-01-04 06:30:00,25.5,27.59,124.84,0.5584,-73.09,73.43,71.68,0.03297,1,Normal,0,LOW,None
2026-01-04 06:35:00,26.32,27.52,123.6,0.6169,-73.48,73.68,64.89,-0.012045,-1,Anomaly,1,LOW,None
2026-01-04 06:40:00,25.2,27.67,124.01,0.6352,-72.78,73.58,72.99,0.045415,1,Normal,0,LOW,None
2026-01-04 06:45:00,24.38,27.56,125.09,0.5806,-70.62,73.87,67.0,0.020127,1,Normal,0,LOW,None
2026-01-04 06:50:00,25.17,27.64,151.26,0.6319,-71.02,74.07,72.45,-0.010205,-1,Anomaly,5,LOW,Power consumption anomaly (power_consumption: 151.26 W)
2026-01-04 06:55:00,21.2,27.63,191.68,0.4976,-71.94,73.69,69.11,-0.069128,-1,Anomaly,32,MEDIUM,Power consumption anomaly (power_consumption: 191.68 W)
2026-01-04 07:00:00,25.12,27.64,236.22,0.5711,-72.21,73.84,73.11,-0.076118,-1,Anomaly,62,HIGH,Power consumption anomaly (power_consumption: 236.22 W)
2026-01-04 07:05:00,20.22,27.87,280.41,0.5686,-71.23,73.63,77.57,-0.091065,-1,Anomaly,63,HIGH,Power consumption anomaly (power_consumption: 280.41 W)
2026-01-04 07:10:00,22.47,27.72,279.34,0.538,-70.84,73.89,66.76,-0.102084,-1,Anomaly,63,HIGH,Power consumption anomaly (power_consumption: 279.34 W)
2026-01-04 07:15:00,25.01,27.74,235.91,0.6593,-72.69,73.9,72.86,-0.074614,-1,Anomaly,62,HIGH,Power consumption anomaly (power_consumption: 235.91 W)
2026-01-04 07:20:00,24.97,27.58,189.15,0.5581,-71.83,73.6,68.02,-0.060608,-1,Anomaly,30,LOW,Power consumption anomaly (power_consumption: 189.15 W)
2026-01-04 07:25:00,22.93,27.67,136.77,0.5413,-73.47,73.5,72.67,0.014222,1,Normal,0,LOW,None
2026-01-04 07:30:00,23.38,27.74,114.09,0.5556,-70.42,73.2,71.59,0.04905,1,Normal,0,LOW,None
2026-01-04 07:35:00,25.8,27.65,117.54,0.4713,-69.37,73.22,72.45,0.018839,1,Normal,0,LOW,None
2026-01-04 07:40:00,23.48,27.81,122.52,0.5178,-71.25,73.1,70.57,0.03723,1,Normal,0,LOW,None
2026-01-04 07:45:00,26.66,27.64,120.58,0.5844,-73.34,73.36,74.17,0.024868,1,Normal,0,LOW,None
2026-01-04 07:50:00,23.87,27.72,120.34,0.5168,-70.5,72.93,69.93,0.03527,1,Normal,0,LOW,None
2026-01-04 07:55:00,24.26,27.7,126.01,0.5057,-71.91,73.06,75.54,0.027512,1,Normal,0,LOW,None
2026-01-04 08:00:00,25.6,27.76,114.2,0.5881,-71.56,72.39,72.47,0.028647,1,Normal,0,LOW,None
2026-01-04 08:05:00,23.71,27.7,117.99,0.5862,-70.17,73.58,70.73,0.043993,1,Normal,0,LOW,None
2026-01-04 08:10:00,22.23,27.73,118.58,0.5501,-70.43,72.97,76.98,0.048821,1,Normal,0,LOW,None
2026-01-04 08:15:00,23.18,27.74,114.34,0.5081,-71.07,73.15,73.91,0.050966,1,Normal,0,LOW,None
2026-01-04 08:20:00,23.15,27.7,116.41,0.5136,-71.13,73.42,78.13,0.04616,1,Normal,0,LOW,None
2026-01-04 08:25:00,21.43,27.8,110.08,0.4879,-70.25,73.04,77.03,0.047254,1,Normal,0,LOW,None
2026-01-04 08:30:00,22.63,27.79,119.97,0.4772,-70.68,73.36,73.27,0.04287,1,Normal,0,LOW,None
2026-01-04 08:35:00,21.91,27.77,111.99,0.4721,-71.28,72.52,74.99,0.035835,1,Normal,0,LOW,None
2026-01-04 08:40:00,23.77,27.74,120.81,0.4861,-70.4,73.59,75.7,0.037799,1,Normal,0,LOW,None
2026-01-04 08:45:00,22.56,27.85,112.89,0.4663,-69.63,73.17,78.81,0.04729,1,Normal,0,LOW,None
2026-01-04 08:50:00,22.03,27.77,115.9,0.4421,-70.04,72.88,76.94,0.036501,1,Normal,0,LOW,None
2026-01-04 08:55:00,22.1,27.77,111.39,0.5104,-71.18,73.21,76.74,0.051861,1,Normal,0,LOW,None
2026-01-04 09:00:00,22.34,27.8,110.74,0.5079,-68.68,72.41,76.31,0.034667,1,Normal,0,LOW,None
2026-01-04 09:05:00,22.66,27.93,108.06,0.5636,-72.3,72.64,76.94,0.040265,1,Normal,0,LOW,None
2026-01-04 09:10:00,20.56,27.7,109.77,0.4658,-69.91,73.13,79.98,0.041986,1,Normal,0,LOW,None
2026-01-04 09:15:00,20.34,27.87,109.7,0.5013,-69.99,72.11,77.72,0.030776,1,Normal,0,LOW,None
2026-01-04 09:20:00,22.75,27.66,105.07,0.499,-69.13,72.81,77.27,0.035745,1,Normal,0,LOW,None
2026-01-04 09:25:00,20.76,27.83,106.6,0.4734,-68.62,72.78,77.28,0.045554,1,Normal,0,LOW,None
2026-01-04 09:30:00,19.39,27.95,104.11,0.5104,-67.96,73.18,77.66,0.039747,1,Normal,0,LOW,None
2026-01-04 09:35:00,21.45,27.86,113.5,0.5087,-69.7,72.09,76.33,0.026429,1,Normal,0,LOW,None
2026-01-04 09:40:00,21.29,27.84,104.34,0.4878,-68.31,73.02,78.0,0.048855,1,Normal,0,LOW,None
2026-01-04 09:45:00,18.72,27.79,109.25,0.4616,-68.61,72.34,82.88,0.024817,1,Normal,0,LOW,None
2026-01-04 09:50:00,20.65,27.84,102.35,0.4546,-70.43,72.34,79.84,0.038205,1,Normal,0,LOW,None
2026-01-04 09:55:00,21.07,27.82,103.13,0.4114,-66.73,72.08,82.05,0.017902,1,Normal,0,LOW,None
2026-01-04 10:00:00,20.45,27.79,96.78,0.431,-69.98,72.09,76.07,0.022269,1,Normal,0,LOW,None
2026-01-04 10:05:00,20.57,27.83,99.02,0.4355,-68.03,72.51,82.56,0.043393,1,Normal,0,LOW,None
2026-01-04 10:10:00,17.93,27.87,100.51,0.4127,-67.97,72.03,81.49,0.021714,1,Normal,0,LOW,None
2026-01-04 10:15:00,19.82,27.8,104.5,0.4725,-68.0,72.56,81.25,0.040749,1,Normal,0,LOW,None
2026-01-04 10:20:00,18.86,27.8,98.91,0.5,-68.69,72.11,82.98,0.030081,1,Normal,0,LOW,None
2026-01-04 10:25:00,18.45,27.76,102.16,0.4131,-67.28,71.92,82.04,0.014061,1,Normal,0,LOW,None
2026-01-04 10:30:00,19.87,27.91,98.75,0.458,-69.59,72.09,79.19,0.031364,1,Normal,0,LOW,None
2026-01-04 10:35:00,20.4,27.93,101.4,0.4026,-68.02,72.33,85.7,0.025017,1,Normal,0,LOW,None
2026-01-04 10:40:00,20.57,27.91,94.69,0.4291,-68.44,72.11,84.75,0.024286,1,Normal,0,LOW,None
2026-01-04 10:45:00,19.79,27.97,102.46,0.4111,-68.47,72.18,84.06,0.027207,1,Normal,0,LOW,None
2026-01-04 10:50:00,17.88,27.91,91.61,0.4602,-67.29,72.35,83.18,0.025236,1,Normal,0,LOW,None
2026-01-04 10:55:00,18.22,27.94,89.84,0.4064,-66.57,72.44,82.59,0.016528,1,Normal,0,LOW,None
2026-01-04 11:00:00,18.51,27.93,87.51,0.4715,-67.91,71.99,86.41,0.008019,1,Normal,0,LOW,None
2026-01-04 11:05:00,17.52,27.91,99.14,0.4187,-66.72,71.74,89.62,0.000408,1,Normal,0,LOW,None
2026-01-04 11:10:00,17.32,27.88,93.09,0.4,-67.38,72.05,87.22,0.0086,1,Normal,0,LOW,None
2026-01-04 11:15:00,17.94,28.1,88.3,0.3734,-68.25,72.14,84.48,0.001058,1,Normal,0,LOW,None
